site_id,site_name,region,lat,lon,inoculation_date,environment_type,observed_field_impact,point_id
aus_site_01,Chillagoe NP,Tropical North QLD,-17.1517,144.52440000000001,18/01/1995,Inland / Karst,Spread to 80 km by Aug 1996,aus_site_01_lat_-17.1517_lon_144.5244
aus_site_02,Lakefield NP,Cape York Peninsula,-14.9356,144.2047,19/01/1995,Moist Coastal Airflow,High defoliation & 20-75% weed mortality,aus_site_02_lat_-14.9356_lon_144.2047
aus_site_03,Wrotham Park,Gulf Region,-16.6342,144.0042,06/02/1995,Gulf Savanna,Rapid spread to 50 km in 8 months,aus_site_03_lat_-16.6342_lon_144.0042
aus_site_04,Rutland Plains,Gulf Coast,-15.5458,141.7258,06/02/1995,Gulf Lowlands,Satellite spread >20 km detected,aus_site_04_lat_-15.5458_lon_141.7258
aus_site_05,Inkerman,Burdekin Coast,-19.7431,147.4647,06/02/1995,Sand Ridge / Clay Floodplain,Severe rust damage; up to 75% mortality,aus_site_05_lat_-19.7431_lon_147.4647
aus_site_06,Delta Downs,Gulf of Carpentaria,-17.1008,140.9167,07/02/1995,Coastal Gulf,Spread to 70 km in 18 months,aus_site_06_lat_-17.1008_lon_140.9167
aus_site_07,Georgetown,Etheridge Inland,-18.2917,143.5475,07/02/1995,Elevated Dry Inland,Moderate rust; shorter wet season duration,aus_site_07_lat_-18.2917_lon_143.5475
aus_site_08,McLeod River,Cooktown Hinterland,-16.4833,145.2333,08/02/1995,Riparian / Watercourse,Heavy rust (47 pustules cm^-2); total defoliation,aus_site_08_lat_-16.4833_lon_145.2333
aus_site_09,Strathmore,Gulf / Croydon,-17.85,142.3667,08/03/1995,Gulf Savanna,Spread to 45 km by Aug 1996,aus_site_09_lat_-17.8500_lon_142.3667
aus_site_10,Rockhampton,Central QLD Coast,-23.375,150.5117,18/01/1995,Subtropical Coast,Rapid spread over 100 km in 14 months,aus_site_10_lat_-23.3750_lon_150.5117
aus_site_11,Charters Towers,Inland Central QLD,-20.0764,146.2611,1995-1996,Inland Research Hub (TWRC),Key monitoring hub; heavy rust in wet years,aus_site_11_lat_-20.0764_lon_146.2611
aus_site_12,Hughenden,Dry Inland QLD,-20.8433,144.2008,1995-1996,Semi-Arid (<600mm rain),Inadequate control in most years due to dry air,aus_site_12_lat_-20.8433_lon_144.2008
aus_site_13,Laura Lea,Cape York Peninsula,-15.5583,144.4447,1995-1996,Moist South-East Airflow,Enhanced rust intensity; 20% mortality by 1999,aus_site_13_lat_-15.5583_lon_144.4447
