uf,municipio,"Latitude (DMS, fonte)","Longitude (DMS, fonte)",lat_deg,lon_deg,altitude_m,area_ha,Nº triângulos,Intensidade (fonte),QC / observação
CE,Acaraú,"02°53'23""S","40°06'31""W",-2.88972222222222,-40.1086111111111,24,5,1,Baixa,NA
CE,Alto Santo,"05°24'06""S","38°16'25""W",-5.40166666666667,-38.2736111111111,81,25,3,Alta,NA
CE,Amontada,"03°16'19""S","39°54'52""W",-3.27194444444444,-39.9144444444444,45,35,3,Alta,NA
CE,Aquiraz,"03°57'07""S","38°27'15""W",-3.95194444444444,-38.4541666666667,32,45,4,Extrema,NA
CE,Aracati,"04°34'59""S","37°46'49""W",-4.58305555555556,-37.7802777777778,10,10,2,Média,NA
CE,Barroquinha,"03°01'49""S","41°06'07""W",-3.03027777777778,-41.1019444444445,10,25,3,Alta,NA
CE,Beberibe,"04°32'07""S","38°17'37""W",-4.53527777777778,-38.2936111111111,103,30,3,Alta,NA
CE,Bela Cruz,"03°07'39""S","40°09'05""W",-3.1275,-40.1513888888889,26,30,3,Alta,NA
CE,Camocim,"03°01'42""S","41°05'41""W",-3.02833333333333,-41.0947222222222,10,30,3,Alta,NA
CE,Canindé,"04°20'57""S","39°18'33""W",-4.34916666666667,-39.3091666666667,161,13,3,Alta,NA
CE,Capistrano,"04°29'43""S","8°53'09""W",-4.49527777777778,-8.88583333333333,216,5,1,Baixa,Longitude geograficamente suspeita para o Nordeste; conferir fonte
CE,Cariré,"03°56'36""S","40°28'55""W",-3.94333333333333,-40.4819444444444,149,3,1,Baixa,NA
CE,Cascavel,"04°11'07""S","38°13'07""W",-4.18527777777778,-38.2186111111111,14,30,3,Alta,NA
CE,Caucaia,"03°39'09""S","38°49'21""W",-3.6525,-38.8225,49,60,4,Extrema,NA
CE,Chaval,"03°02'40""S","41°14'11""W",-3.04444444444444,-41.2363888888889,9,50,4,Extrema,NA
CE,Chorozinho,"04°17'07""S","38°30'03""W",-4.28527777777778,-38.5008333333333,50,20,2,Média,NA
CE,Coreaú,"03°38'06""S","40°37'32""W",-3.635,-40.6255555555556,127,8,2,Média,NA
CE,Cruz,"02°54'09""S","40°10'19""W",-2.9025,-40.1719444444444,15,5,1,Baixa,NA
CE,Eusébio,"03°53'25""S","38°27'50""W",-3.89027777777778,-38.4638888888889,26,15,2,Média,NA
CE,Frecheirinha,"03°46'07""S","40°49'27""W",-3.76861111111111,-40.8241666666667,123,5,1,Baixa,NA
CE,Granja,"03°19'12""S","40°59'11""W",-3.32,-40.9863888888889,77,50,4,Extrema,NA
CE,Groaíras,"03°54'31""S","40°22'46""W",-3.90861111111111,-40.3794444444444,70,5,1,Baixa,NA
CE,Ibaretama,"04°45'13""S","38°44'07""W",-4.75361111111111,-38.7352777777778,115,40,3,Alta,NA
CE,Ibicuitinga,"05°00'24""S","38°33'06""W",-5.00666666666667,-38.5516666666667,9.7,3,1,Baixa,NA
CE,Icó,"06°18'09""S","38°43'09""W",-6.3025,-38.7191666666667,203,5,1,Baixa,NA
CE,Itaiçaba,"04°42'27""S","37°50'40""W",-4.7075,-37.8444444444445,18,20,2,Média,NA
CE,Itapajé,"03°45'31""S","39°28'04""W",-3.75861111111111,-39.4677777777778,247,6,1,Baixa,NA
CE,Itapipoca,"03°31'05""S","39°29'36""W",-3.51805555555556,-39.4933333333333,87,6,1,Baixa,NA
CE,Itapiúna,"04°37'35""S","38°55'08""W",-4.62638888888889,-38.9188888888889,149,5,1,Baixa,NA
CE,Itarema,"03°14'51""S","39°54'53""W",-3.2475,-39.9147222222222,42,4,1,Baixa,NA
CE,Itatira,"04°41'53""S","39°27'47""W",-4.69805555555556,-39.4630555555556,355,5,1,Baixa,NA
CE,Jaguaruana,"04°42'27""S","37°50'40""W",-4.7075,-37.8444444444445,18,50,4,Extrema,NA
CE,Limoeiro do Norte,"05°06'06""S","38°03'58""W",-5.10166666666667,-38.0661111111111,47,45,4,Extrema,NA
CE,Maranguape,"04°00'08""S","38°56'39""W",-4.00222222222222,-38.9441666666667,96,5,1,Baixa,NA
CE,Marco,"03°07'39""S","40°09'05""W",-3.1275,-40.1513888888889,26,40,3,Alta,NA
CE,Massapê,"03°24'44""S","40°15'45""W",-3.41222222222222,-40.2625,77,2,1,Baixa,NA
CE,Monsenhor Tabosa,"04°47'22""S","40°03'38""W",-4.78944444444444,-40.0605555555556,710,3,1,Baixa,NA
CE,Morada Nova,"05°06'06""S","38°15'17""W",-5.10166666666667,-38.2547222222222,82,15,2,Média,NA
CE,Moraújo,"03°25'59""S","40°40'44""W",-3.43305555555556,-40.6788888888889,60,5,1,Baixa,NA
CE,Morrinhos,"03°14'20""S","40°07'00""W",-3.23888888888889,-40.1166666666667,42,40,3,Alta,NA
CE,Mulungu,"04°18'20""S","38°59'47""W",-4.30555555555556,-38.9963888888889,801,1,1,Baixa,NA
CE,Pacajus,"04°13'49""S","38°28'06""W",-4.23027777777778,-38.4683333333333,66,5,1,Baixa,NA
CE,Pacatuba,"04°00'18""S","38°35'09""W",-4.005,-38.5858333333333,69,45,4,Extrema,NA
CE,Palhano,"04°46'33""S","38°02'09""W",-4.77583333333333,-38.0358333333333,66,30,3,Alta,NA
CE,Palmácia,"04°15'13""S","38°84'07""W",-4.25361111111111,NA,704,1,1,Baixa,DMS inválido no artigo (minuto/segundo ≥ 60)
CE,Paracuru,"03°34'57""S","39°01'08""W",-3.5825,-39.0188888888889,28,20,2,Média,NA
CE,Pentecostes,"03°47'21""S","39°17'50""W",-3.78916666666667,-39.2972222222222,43,10,2,Média,NA
CE,Quixadá,"04°57'15""S","39°01'07""W",-4.95416666666667,-39.0186111111111,24.6,35,3,Alta,NA
CE,Quixeré,"05°04'09""S","37°59'07""W",-5.06916666666667,-37.9852777777778,50,15,2,Média,NA
CE,Russas,"04°57'48""S","37°59'08""W",-4.96333333333333,-37.9855555555556,47,40,3,Alta,NA
CE,São Gonçalo do Amarante,"03°36'08""S","38°57'08""W",-3.60222222222222,-38.9522222222222,39,50,4,Extrema,NA
CE,Santa Quitéria,"03°59'46""S","40°05'07""W",-3.99611111111111,-40.0852777777778,181,10,1,Baixa,NA
CE,Santana do Acaraú,"03°26'18""S","40°13'08""W",-3.43833333333333,-40.2188888888889,61,5,2,Média,NA
CE,São Luís do Curu,"03°40'46""S","39°15'04""W",-3.67944444444444,-39.2511111111111,88,35,3,Alta,NA
CE,Senador Pompeu,"05°31'06""S","39°28'03""W",-5.51833333333333,-39.4675,316,8,1,Baixa,NA
CE,Senador Sá,"03°20'48""S","40°28'05""W",-3.34666666666667,-40.4680555555556,139,2,1,Baixa,NA
CE,Sobral,"03°57'58""S","40°03'33""W",-3.96611111111111,-40.0591666666667,70,15,2,Média,NA
CE,Tabuleiro do Norte,"05°11'08""S","38°07'23""W",-5.18555555555556,-38.1230555555556,53,5,1,Baixa,NA
CE,Trairi,"03°16'40""S","39°16'08""W",-3.27777777777778,-39.2688888888889,18,5,1,Baixa,NA
CE,Tururu,"03°35'58""S","39°26'44""W",-3.59944444444444,-39.4455555555556,136,5,1,Baixa,NA
CE,Umirim,"03°40'30""S","39°14'31""W",-3.675,-39.2419444444444,40,25,3,Alta,NA
CE,Uruoca,"03°18'58""S","40°31'56""W",-3.31611111111111,-40.5322222222222,149,1,1,Baixa,NA
CE,Varjota,"04°14'40""S","40°26'27""W",-4.24444444444444,-40.4408333333333,183,5,1,Baixa,NA
CE,Viçosa do Ceará,"03°24'07""S","41°00'34""W",-3.40194444444444,-41.0094444444445,98,2,1,Baixa,NA
PI,Campo Maior,"04°46'51""S","42°06'57""W",-4.78083333333333,-42.1158333333333,120,2,1,Baixa,NA
PI,Luís Correia,"02°53'47""S","41°39'33""W",-2.89638888888889,-41.6591666666667,13,15,2,Média,NA
PI,Parnaíba,"02°54'14""S","41°46'35""W",-2.90388888888889,-41.7763888888889,398,10,1,Baixa,NA
PI,Piracuruca,"03°55'41""S","41°42'42""W",-3.92805555555556,-41.7116666666667,76,15,2,Média,NA
PI,Piripiri,"04°20'13""S","41°47'44""W",-4.33694444444444,-41.7955555555556,150,20,2,Média,NA
PB,São João do Rio do Peixe,"06°46'08""S","38°28'06""W",-6.76888888888889,-38.4683333333333,326,5,1,Baixa,NA
PB,Sousa,"06°43'52""S","38°15'40""W",-6.73111111111111,-38.2611111111111,38,5,1,Baixa,NA
RN,Apodi,"05°35'06""S","37°49'08""W",-5.585,-37.8188888888889,120,10,1,Baixa,NA
RN,Felipe Guerra,"05°31'23""S","37°38'30""W",-5.52305555555556,-37.6416666666667,100,5,1,Baixa,NA
