dew_h,T,pustules_cm2,I_obs
6,17,0.05,0.0034843205574912896
6,20,0.15,0.010452961672473867
6,22,0.65,0.04529616724738676
6,25,0.35,0.024390243902439022
6,30,0.05,0.0034843205574912896
8,17,0.55,0.038327526132404185
8,20,1.45,0.10104529616724739
8,22,6.35,0.4425087108013937
8,25,2.05,0.14285714285714285
8,30,0.1,0.006968641114982579
12,17,2.05,0.14285714285714285
12,20,12.95,0.9024390243902439
12,22,10.75,0.7491289198606272
12,25,3.05,0.21254355400696864
12,30,2.05,0.14285714285714285
24,17,13.05,0.9094076655052266
24,20,11.45,0.7979094076655052
24,22,14.35,1
24,25,13.25,0.9233449477351917
24,30,2.55,0.17770034843205573
