State,Municipality,Latitude (DMS),Longitude (DMS),Altitude (m),Infested Area (ha),Intensity,EPI_inf,EPI_spore,key,cell,match_err,S0_orig_BR,S1_RH90,S2_RH90_cap24,S3_RH90_split24,S4_RH90_P1_cap24
CE,Acaraú,"02°53'23""S","40°06'31""W",24.0,5,Low,37.35,37.27,37.35,lat_-2.9_lon_-40.1,0.024833776754867642,37.37483377675487,25.092246569789133,25.092246569789133,25.092246569789133,28.37738688813819
CE,Alto Santo,"05°24'06""S","38°16'25""W",81.0,25,High,43.16,43.13,43.16,lat_-5.4_lon_-38.3,0.00021341806596097967,43.16021341806596,34.681196962614585,34.681196962614585,34.681196962614585,36.006583358792106
CE,Amontada,"03°16'19""S","39°54'52""W",45.0,35,High,46.7,46.63,46.7,lat_-3.3_lon_-39.9,0.004423413631066353,46.69557658636894,98.18130517799962,98.17794829857556,98.20583330454174,67.465912421288
CE,Aquiraz,"03°57'07""S","38°27'15""W",32.0,45,Extreme,52.14,52.06,52.14,lat_-3.9_lon_-38.5,0.0006868558061086105,52.14068685580611,93.2288931789131,93.22438255956416,93.25048600456992,68.41507470453337
CE,Aracati,"04°34'59""S","37°46'49""W",10.0,10,Moderate,42.44,42.33,42.44,lat_-4.6_lon_-37.8,0.021455853582374118,42.46145585358237,0.0096488773496493,0.0096488773496493,0.0096488773496493,19.635350988757136
CE,Barroquinha,"03°01'49""S","41°06'07""W",10.0,25,High,35.57,35.53,35.57,lat_-3.0_lon_-41.1,0.014199851013692921,35.58419985101369,23.06288970153094,23.038764123453863,23.10137084280753,27.36968164814361
CE,Beberibe,"04°32'07""S","38°17'37""W",103.0,30,High,41.54,41.44,41.54,lat_-4.5_lon_-38.3,0.004106874156939,41.53589312584306,27.57713568672032,27.57356961442914,27.59772811697352,30.130048062744677
CE,Bela Cruz,"03°07'39""S","40°09'05""W",26.0,30,High,37.35,37.27,37.35,lat_-2.9_lon_-40.1,0.024833776754867642,37.37483377675487,25.092246569789133,25.092246569789133,25.092246569789133,28.37738688813819
CE,Camocim,"03°01'42""S","41°05'41""W",10.0,30,High,35.57,35.53,35.57,lat_-3.0_lon_-41.1,0.014199851013692921,35.58419985101369,23.06288970153094,23.038764123453863,23.10137084280753,27.36968164814361
CE,Canindé,"04°20'57""S","39°18'33""W",161.0,13,High,59.57,59.51,59.57,lat_-4.3_lon_-39.3,0.0017534846393942871,59.568246515360606,111.36529962925736,111.36529962925736,111.36529962925736,81.98541587109813
CE,Capistrano,"04°29'43""S","8°53'09""W*",216.0,5,Low,52.52,52.47,52.52,lat_-4.3_lon_-38.5,0.004704442757841321,52.51529555724216,88.39032291483657,88.3883857916552,88.42158660835689,64.20080533443158
CE,Cariré,"03°56'36""S","40°28'55""W",149.0,3,Low,54.97,54.92,54.97,lat_-3.8_lon_-40.8,0.001286619750629825,54.97128661975063,117.8362594723631,117.8362594723631,117.8362594723631,81.76857350239482
CE,Cascavel,"04°11'07""S","38°13'07""W",14.0,30,High,43.57,43.45,43.57,lat_-4.2_lon_-38.2,0.0032829924108597197,43.56671700758914,2.0401383195535714,2.0401383195535714,2.0401383195535714,23.752541340267207
CE,Caucaia,"03°39'09""S","38°49'21""W",49.0,60,Extreme,38.81,38.72,38.81,lat_-3.6_lon_-39.0,0.003445611736133003,38.80655438826387,0.9413182505103916,0.9413182505103916,0.9413182505103916,23.965500505986554
CE,Chaval,"03°02'40""S","41°14'11""W",9.0,50,Extreme,35.57,35.53,35.57,lat_-3.0_lon_-41.1,0.014199851013692921,35.58419985101369,23.06288970153094,23.038764123453863,23.10137084280753,27.36968164814361
CE,Chorozinho,"04°17'07""S","38°30'03""W",50.0,20,Moderate,52.52,52.47,52.52,lat_-4.3_lon_-38.5,0.004704442757841321,52.51529555724216,88.39032291483657,88.3883857916552,88.42158660835689,64.20080533443158
CE,Coreaú,"03°38'06""S","40°37'32""W",127.0,8,Moderate,49.44,49.39,49.44,lat_-3.3_lon_-40.5,0.002385511902573967,49.437614488097424,108.44029417938664,108.44029417938664,108.44029417938664,71.38918776709616
CE,Cruz,"02°54'09""S","40°10'19""W",15.0,5,Low,37.35,37.27,37.35,lat_-2.9_lon_-40.1,0.024833776754867642,37.37483377675487,25.092246569789133,25.092246569789133,25.092246569789133,28.37738688813819
CE,Eusébio,"03°53'25""S","38°27'50""W",26.0,15,Moderate,52.14,52.06,52.14,lat_-3.9_lon_-38.5,0.0006868558061086105,52.14068685580611,93.2288931789131,93.22438255956416,93.25048600456992,68.41507470453337
CE,Frecheirinha,"03°46'07""S","40°49'27""W",123.0,5,Low,54.97,54.92,54.97,lat_-3.8_lon_-40.8,0.001286619750629825,54.97128661975063,117.8362594723631,117.8362594723631,117.8362594723631,81.76857350239482
CE,Granja,"03°19'12""S","40°59'11""W",77.0,50,Extreme,46.64,46.58,46.64,lat_-3.3_lon_-41.0,0.003289039255598425,46.6367109607444,97.68119213313317,97.6734803547094,97.7704436212958,69.30763670703698
CE,Groaíras,"03°54'31""S","40°22'46""W",70.0,5,Low,54.97,54.92,54.97,lat_-3.8_lon_-40.8,0.001286619750629825,54.97128661975063,117.8362594723631,117.8362594723631,117.8362594723631,81.76857350239482
CE,Ibaretama,"04°45'13""S","38°44'07""W",115.0,40,High,47.01,46.98,47.01,lat_-4.8_lon_-38.7,0.001778575132846072,47.00822142486715,57.49404882223929,57.49404882223929,57.49404882223929,49.17403545003483
CE,Ibicuitinga,"05°00'24""S","38°33'06""W",9.7,3,Low,47.01,46.98,47.01,lat_-4.8_lon_-38.7,0.001778575132846072,47.00822142486715,57.49404882223929,57.49404882223929,57.49404882223929,49.17403545003483
CE,Icó,"06°18'09""S","38°43'09""W",203.0,5,Low,54.26,54.22,54.26,lat_-6.3_lon_-38.7,0.00017226209076426358,54.26017226209076,46.52334244293375,46.52334244293375,46.52334244293375,50.78874948837518
CE,Itaiçaba,"04°42'27""S","37°50'40""W",18.0,20,Moderate,42.44,42.33,42.44,lat_-4.6_lon_-37.8,0.021455853582374118,42.46145585358237,0.0096488773496493,0.0096488773496493,0.0096488773496493,19.635350988757136
CE,Itapajé,"03°45'31""S","39°28'04""W",247.0,6,Low,52.87,52.82,52.87,lat_-3.8_lon_-39.3,0.0040682666282592095,52.87406826662826,96.80629567239836,96.80629567239836,96.80629567239836,70.45279664068536
CE,Itapipoca,"03°31'05""S","39°29'36""W",87.0,6,Low,43.52,43.45,43.52,lat_-3.3_lon_-39.3,0.0023164928188492695,43.517683507181154,58.56529567897931,58.56529567897931,58.56529567897931,48.27654649902372
CE,Itapiúna,"04°37'35""S","38°55'08""W",149.0,5,Low,52.52,52.47,52.52,lat_-4.3_lon_-38.5,0.004704442757841321,52.51529555724216,88.39032291483657,88.3883857916552,88.42158660835689,64.20080533443158
CE,Itarema,"03°14'51""S","39°54'53""W",42.0,4,Low,37.35,37.27,37.35,lat_-2.9_lon_-40.1,0.024833776754867642,37.37483377675487,25.092246569789133,25.092246569789133,25.092246569789133,28.37738688813819
CE,Itatira,"04°41'53""S","39°27'47""W",355.0,5,Low,59.57,59.51,59.57,lat_-4.3_lon_-39.3,0.0017534846393942871,59.568246515360606,111.36529962925736,111.36529962925736,111.36529962925736,81.98541587109813
CE,Jaguaruana,"04°42'27""S","37°50'40""W",18.0,50,Extreme,42.44,42.33,42.44,lat_-4.6_lon_-37.8,0.021455853582374118,42.46145585358237,0.0096488773496493,0.0096488773496493,0.0096488773496493,19.635350988757136
CE,Limoeiro do Norte,"05°06'06""S","38°03'58""W",47.0,45,Extreme,42.56,42.53,42.56,lat_-4.8_lon_-38.0,0.0012717616903401563,42.55872823830966,35.85834778294338,35.851243758756006,35.910834060426,34.05180447152016
CE,Maranguape,"04°00'08""S","38°56'39""W",96.0,5,Low,52.14,52.06,52.14,lat_-3.9_lon_-38.5,0.0006868558061086105,52.14068685580611,93.2288931789131,93.22438255956416,93.25048600456992,68.41507470453337
CE,Marco,"03°07'39""S","40°09'05""W",26.0,40,High,37.35,37.27,37.35,lat_-2.9_lon_-40.1,0.024833776754867642,37.37483377675487,25.092246569789133,25.092246569789133,25.092246569789133,28.37738688813819
CE,Massapê,"03°24'44""S","40°15'45""W",77.0,2,Low,46.7,46.63,46.7,lat_-3.3_lon_-39.9,0.004423413631066353,46.69557658636894,98.18130517799962,98.17794829857556,98.20583330454174,67.465912421288
CE,Monsenhor Tabosa,"04°47'22""S","40°03'38""W",710.0,3,Low,58.49,58.43,58.49,lat_-4.8_lon_-40.1,0.001430884022923351,58.48856911597708,96.4652537564064,96.4652537564064,96.4652537564064,75.90456178040125
CE,Morada Nova,"05°06'06""S","38°15'17""W",82.0,15,Moderate,42.56,42.53,42.56,lat_-4.8_lon_-38.0,0.0012717616903401563,42.55872823830966,35.85834778294338,35.851243758756006,35.910834060426,34.05180447152016
CE,Moraújo,"03°25'59""S","40°40'44""W",60.0,5,Low,49.44,49.39,49.44,lat_-3.3_lon_-40.5,0.002385511902573967,49.437614488097424,108.44029417938664,108.44029417938664,108.44029417938664,71.38918776709616
CE,Morrinhos,"03°14'20""S","40°07'00""W",42.0,40,High,37.35,37.27,37.35,lat_-2.9_lon_-40.1,0.024833776754867642,37.37483377675487,25.092246569789133,25.092246569789133,25.092246569789133,28.37738688813819
CE,Mulungu,"04°18'20""S","38°59'47""W",801.0,1,Low,52.52,52.47,52.52,lat_-4.3_lon_-38.5,0.004704442757841321,52.51529555724216,88.39032291483657,88.3883857916552,88.42158660835689,64.20080533443158
CE,Pacajus,"04°13'49""S","38°28'06""W",66.0,5,Low,52.14,52.06,52.14,lat_-3.9_lon_-38.5,0.0006868558061086105,52.14068685580611,93.2288931789131,93.22438255956416,93.25048600456992,68.41507470453337
CE,Pacatuba,"04°00'18""S","38°35'09""W",69.0,45,Extreme,52.14,52.06,52.14,lat_-3.9_lon_-38.5,0.0006868558061086105,52.14068685580611,93.2288931789131,93.22438255956416,93.25048600456992,68.41507470453337
CE,Palhano,"04°46'33""S","38°02'09""W",66.0,30,High,42.56,42.53,42.56,lat_-4.8_lon_-38.0,0.0012717616903401563,42.55872823830966,35.85834778294338,35.851243758756006,35.910834060426,34.05180447152016
CE,Palmácia,"04°15'13""S","38°84'07""W*",704.0,1,Low,52.52,52.47,52.52,lat_-4.3_lon_-38.5,0.004704442757841321,52.51529555724216,88.39032291483657,88.3883857916552,88.42158660835689,64.20080533443158
CE,Paracuru,"03°34'57""S","39°01'08""W",28.0,20,Moderate,38.81,38.72,38.81,lat_-3.6_lon_-39.0,0.003445611736133003,38.80655438826387,0.9413182505103916,0.9413182505103916,0.9413182505103916,23.965500505986554
CE,Pentecostes,"03°47'21""S","39°17'50""W",43.0,10,Moderate,52.87,52.82,52.87,lat_-3.8_lon_-39.3,0.0040682666282592095,52.87406826662826,96.80629567239836,96.80629567239836,96.80629567239836,70.45279664068536
CE,Quixadá,"04°57'15""S","39°01'07""W",24.6,35,High,47.01,46.98,47.01,lat_-4.8_lon_-38.7,0.001778575132846072,47.00822142486715,57.49404882223929,57.49404882223929,57.49404882223929,49.17403545003483
CE,Quixeré,"05°04'09""S","37°59'07""W",50.0,15,Moderate,42.56,42.53,42.56,lat_-4.8_lon_-38.0,0.0012717616903401563,42.55872823830966,35.85834778294338,35.851243758756006,35.910834060426,34.05180447152016
CE,Russas,"04°57'48""S","37°59'08""W",47.0,40,High,42.56,42.53,42.56,lat_-4.8_lon_-38.0,0.0012717616903401563,42.55872823830966,35.85834778294338,35.851243758756006,35.910834060426,34.05180447152016
CE,São Gonçalo do Amarante,"03°36'08""S","38°57'08""W",39.0,50,Extreme,38.81,38.72,38.81,lat_-3.6_lon_-39.0,0.003445611736133003,38.80655438826387,0.9413182505103916,0.9413182505103916,0.9413182505103916,23.965500505986554
CE,Santa Quitéria,"03°59'46""S","40°05'07""W",181.0,10,Low,53.66,53.6,53.66,lat_-4.0_lon_-40.1,0.003194549549924375,53.65680545045007,105.39501210101832,105.39501210101832,105.39501210101832,74.16913003572546
CE,Santana do Acaraú,"03°26'18""S","40°13'08""W",61.0,5,Moderate,46.7,46.63,46.7,lat_-3.3_lon_-39.9,0.004423413631066353,46.69557658636894,98.18130517799962,98.17794829857556,98.20583330454174,67.465912421288
CE,São Luís do Curu,"03°40'46""S","39°15'04""W",88.0,35,High,43.52,43.45,43.52,lat_-3.3_lon_-39.3,0.0023164928188492695,43.517683507181154,58.56529567897931,58.56529567897931,58.56529567897931,48.27654649902372
CE,Senador Pompeu,"05°31'06""S","39°28'03""W",316.0,8,Low,49.41,49.4,49.41,lat_-5.5_lon_-39.5,1.35713057858311e-05,49.40998642869421,54.29903861044273,54.298198479373625,54.33652135325968,50.11045199602595
CE,Senador Sá,"03°20'48""S","40°28'05""W",139.0,2,Low,49.44,49.39,49.44,lat_-3.3_lon_-40.5,0.002385511902573967,49.437614488097424,108.44029417938664,108.44029417938664,108.44029417938664,71.38918776709616
CE,Sobral,"03°57'58""S","40°03'33""W",70.0,15,Moderate,53.66,53.6,53.66,lat_-4.0_lon_-40.1,0.003194549549924375,53.65680545045007,105.39501210101832,105.39501210101832,105.39501210101832,74.16913003572546
CE,Tabuleiro do Norte,"05°11'08""S","38°07'23""W",53.0,5,Low,42.56,42.53,42.56,lat_-4.8_lon_-38.0,0.0012717616903401563,42.55872823830966,35.85834778294338,35.851243758756006,35.910834060426,34.05180447152016
CE,Trairi,"03°16'40""S","39°16'08""W",18.0,5,Low,43.52,43.45,43.52,lat_-3.3_lon_-39.3,0.0023164928188492695,43.517683507181154,58.56529567897931,58.56529567897931,58.56529567897931,48.27654649902372
CE,Tururu,"03°35'58""S","39°26'44""W",136.0,5,Low,43.52,43.45,43.52,lat_-3.3_lon_-39.3,0.0023164928188492695,43.517683507181154,58.56529567897931,58.56529567897931,58.56529567897931,48.27654649902372
CE,Umirim,"03°40'30""S","39°14'31""W",40.0,25,High,43.52,43.45,43.52,lat_-3.3_lon_-39.3,0.0023164928188492695,43.517683507181154,58.56529567897931,58.56529567897931,58.56529567897931,48.27654649902372
CE,Uruoca,"03°18'58""S","40°31'56""W",149.0,1,Low,49.44,49.39,49.44,lat_-3.3_lon_-40.5,0.002385511902573967,49.437614488097424,108.44029417938664,108.44029417938664,108.44029417938664,71.38918776709616
CE,Varjota,"04°14'40""S","40°26'27""W",183.0,5,Low,54.97,54.92,54.97,lat_-3.8_lon_-40.8,0.001286619750629825,54.97128661975063,117.8362594723631,117.8362594723631,117.8362594723631,81.76857350239482
CE,Viçosa do Ceará,"03°24'07""S","41°00'34""W",98.0,2,Low,46.64,46.58,46.64,lat_-3.3_lon_-41.0,0.003289039255598425,46.6367109607444,97.68119213313317,97.6734803547094,97.7704436212958,69.30763670703698
PI,Campo Maior,"04°46'51""S","42°06'57""W",120.0,2,Low,36.82,36.77,36.82,lat_-4.8_lon_-42.1,0.004914697206189089,36.81508530279381,52.82857311096126,52.82857311096126,52.82857311096126,43.89055497838651
PI,Luís Correia,"02°53'47""S","41°39'33""W",13.0,15,Moderate,34.65,34.61,34.65,lat_-2.9_lon_-41.7,0.0034559653066068563,34.64654403469339,42.42625725671069,42.40933928071876,42.47691506053262,33.64514919976641
PI,Parnaíba,"02°54'14""S","41°46'35""W",398.0,10,Low,34.65,34.61,34.65,lat_-2.9_lon_-41.7,0.0034559653066068563,34.64654403469339,42.42625725671069,42.40933928071876,42.47691506053262,33.64514919976641
PI,Piracuruca,"03°55'41""S","41°42'42""W",76.0,15,Moderate,40.41,40.36,40.41,lat_-3.9_lon_-41.7,0.0007684765495667989,40.41076847654956,64.44977250688338,64.44559003703365,64.47425702424154,54.49922800657534
PI,Piripiri,"04°20'13""S","41°47'44""W",150.0,20,Moderate,39.25,39.2,39.25,lat_-4.3_lon_-41.8,0.0018941777494063672,39.248105822250594,65.3550528959751,65.3550528959751,65.3550528959751,53.21405705222116
PB,São João do Rio do Peixe,"06°46'08""S","38°28'06""W",326.0,5,Low,58.53,58.5,58.53,lat_-6.8_lon_-38.5,3.415092572112144e-05,58.52996584907428,50.56838067256214,50.56838067256214,50.56838067256214,52.08376593047162
PB,Sousa,"06°43'52""S","38°15'40""W",38.0,5,Low,55.53,55.5,55.53,lat_-6.7_lon_-38.3,0.0032117086034517683,55.52678829139655,49.99769935755711,49.99769935755711,49.99769935755711,50.29360771048675
RN,Apodi,"05°35'06""S","37°49'08""W",120.0,10,Low,40.41,40.39,40.41,lat_-3.9_lon_-41.7,0.0007684765495667989,40.41076847654956,64.44977250688338,64.44559003703365,64.47425702424154,54.49922800657534
RN,Felipe Guerra,"05°31'23""S","37°38'30""W",100.0,5,Low,40.41,40.39,40.41,lat_-3.9_lon_-41.7,0.0007684765495667989,40.41076847654956,64.44977250688338,64.44559003703365,64.47425702424154,54.49922800657534
