State,Municipality,inf2,spo2
CE,Acaraú,25.092246569789125,25.092246569789133
CE,Alto Santo,34.68119696261458,34.68119696261458
CE,Amontada,98.17794829857556,98.17794829857556
CE,Aquiraz,93.22438255956416,93.22430372329808
CE,Aracati,0.0096488773496493,0.0096488773496493
CE,Barroquinha,23.038764123453863,23.038764123453863
CE,Beberibe,27.573569614429147,27.573569614429147
CE,Bela Cruz,25.092246569789125,25.092246569789133
CE,Camocim,23.038764123453863,23.038764123453863
CE,Canindé,111.36529962925736,111.36529962925736
CE,Capistrano,88.38838579165518,88.3883857916552
CE,Cariré,117.83625947236312,117.83625947236312
CE,Cascavel,2.0401383195535705,2.0401383195535705
CE,Caucaia,0.9413182505103912,0.9413182505103912
CE,Chaval,23.038764123453863,23.038764123453863
CE,Chorozinho,88.38838579165518,88.3883857916552
CE,Coreaú,108.44029417938664,108.44029417938664
CE,Cruz,25.092246569789125,25.092246569789133
CE,Eusébio,93.22438255956416,93.22430372329808
CE,Frecheirinha,117.83625947236312,117.83625947236312
CE,Granja,97.6734803547094,97.6734803547094
CE,Groaíras,117.83625947236312,117.83625947236312
CE,Ibaretama,57.4940488222393,57.49404882223929
CE,Ibicuitinga,57.4940488222393,57.49404882223929
CE,Icó,46.52334244293375,46.52334244293375
CE,Itaiçaba,0.0096488773496493,0.0096488773496493
CE,Itapajé,96.80629567239836,96.80629567239836
CE,Itapipoca,58.56529567897931,58.56529567897931
CE,Itapiúna,88.38838579165518,88.3883857916552
CE,Itarema,25.092246569789125,25.092246569789133
CE,Itatira,111.36529962925736,111.36529962925736
CE,Jaguaruana,0.0096488773496493,0.0096488773496493
CE,Limoeiro do Norte,35.85124375875601,35.85124375875601
CE,Maranguape,93.22438255956416,93.22430372329808
CE,Marco,25.092246569789125,25.092246569789133
CE,Massapê,98.17794829857556,98.17794829857556
CE,Monsenhor Tabosa,96.4652537564064,96.4652537564064
CE,Morada Nova,35.85124375875601,35.85124375875601
CE,Moraújo,108.44029417938664,108.44029417938664
CE,Morrinhos,25.092246569789125,25.092246569789133
CE,Mulungu,88.38838579165518,88.3883857916552
CE,Pacajus,93.22438255956416,93.22430372329808
CE,Pacatuba,93.22438255956416,93.22430372329808
CE,Palhano,35.85124375875601,35.85124375875601
CE,Palmácia,88.38838579165518,88.3883857916552
CE,Paracuru,0.9413182505103912,0.9413182505103912
CE,Pentecostes,96.80629567239836,96.80629567239836
CE,Quixadá,57.4940488222393,57.49404882223929
CE,Quixeré,35.85124375875601,35.85124375875601
CE,Russas,35.85124375875601,35.85124375875601
CE,São Gonçalo do Amarante,0.9413182505103912,0.9413182505103912
CE,Santa Quitéria,105.39501210101837,105.39501210101832
CE,Santana do Acaraú,98.17794829857556,98.17794829857556
CE,São Luís do Curu,58.56529567897931,58.56529567897931
CE,Senador Pompeu,54.2981984793736,54.29819847937361
CE,Senador Sá,108.44029417938664,108.44029417938664
CE,Sobral,105.39501210101837,105.39501210101832
CE,Tabuleiro do Norte,35.85124375875601,35.85124375875601
CE,Trairi,58.56529567897931,58.56529567897931
CE,Tururu,58.56529567897931,58.56529567897931
CE,Umirim,58.56529567897931,58.56529567897931
CE,Uruoca,108.44029417938664,108.44029417938664
CE,Varjota,117.83625947236312,117.83625947236312
CE,Viçosa do Ceará,97.6734803547094,97.6734803547094
PI,Campo Maior,52.82857311096125,52.82765260752948
PI,Luís Correia,42.40933928071875,42.40847596735041
PI,Parnaíba,42.40933928071875,42.40847596735041
PI,Piracuruca,64.44559003703364,64.44559003703367
PI,Piripiri,65.35505289597512,65.33391261965814
PB,São João do Rio do Peixe,50.56838067256214,50.56838067256214
PB,Sousa,49.997699357557096,49.9976993575571
RN,Apodi,64.44559003703364,64.44559003703367
RN,Felipe Guerra,64.44559003703364,64.44559003703367
