file,cell_id,lon,lat,total_records,num_variables,variables,start_time,end_time,missing_obs,temporal_resolution
lat_-2.9_lon_-40.1.rds,lat_-2.9_lon_-40.1,-40.1,-2.9,219144,11,LON; LAT; YEAR; MO; DY; HR; T2M; RH2M; T2MDEW; PRECTOTCORR; cell_id,2001-1-1-0,2025-12-31-23,0,1-hour continuous
lat_-2.9_lon_-40.2.rds,lat_-2.9_lon_-40.2,-40.2,-2.9,219144,11,LON; LAT; YEAR; MO; DY; HR; T2M; RH2M; T2MDEW; PRECTOTCORR; cell_id,2001-1-1-0,2025-12-31-23,0,1-hour continuous
lat_-2.9_lon_-41.7.rds,lat_-2.9_lon_-41.7,-41.7,-2.9,219144,11,LON; LAT; YEAR; MO; DY; HR; T2M; RH2M; T2MDEW; PRECTOTCORR; cell_id,2001-1-1-0,2025-12-31-23,0,1-hour continuous
lat_-2.9_lon_-41.8.rds,lat_-2.9_lon_-41.8,-41.8,-2.9,219144,11,LON; LAT; YEAR; MO; DY; HR; T2M; RH2M; T2MDEW; PRECTOTCORR; cell_id,2001-1-1-0,2025-12-31-23,0,1-hour continuous
lat_-3.0_lon_-41.1.rds,lat_-3.0_lon_-41.1,-41.1,-3,219144,11,LON; LAT; YEAR; MO; DY; HR; T2M; RH2M; T2MDEW; PRECTOTCORR; cell_id,2001-1-1-0,2025-12-31-23,0,1-hour continuous
lat_-3.0_lon_-41.2.rds,lat_-3.0_lon_-41.2,-41.2,-3,219144,11,LON; LAT; YEAR; MO; DY; HR; T2M; RH2M; T2MDEW; PRECTOTCORR; cell_id,2001-1-1-0,2025-12-31-23,0,1-hour continuous
lat_-3.1_lon_-40.2.rds,lat_-3.1_lon_-40.2,-40.2,-3.1,219144,11,LON; LAT; YEAR; MO; DY; HR; T2M; RH2M; T2MDEW; PRECTOTCORR; cell_id,2001-1-1-0,2025-12-31-23,0,1-hour continuous
lat_-3.2_lon_-39.9.rds,lat_-3.2_lon_-39.9,-39.9,-3.2,219144,11,LON; LAT; YEAR; MO; DY; HR; T2M; RH2M; T2MDEW; PRECTOTCORR; cell_id,2001-1-1-0,2025-12-31-23,0,1-hour continuous
lat_-3.2_lon_-40.1.rds,lat_-3.2_lon_-40.1,-40.1,-3.2,219144,11,LON; LAT; YEAR; MO; DY; HR; T2M; RH2M; T2MDEW; PRECTOTCORR; cell_id,2001-1-1-0,2025-12-31-23,0,1-hour continuous
lat_-3.3_lon_-39.3.rds,lat_-3.3_lon_-39.3,-39.3,-3.3,219144,11,LON; LAT; YEAR; MO; DY; HR; T2M; RH2M; T2MDEW; PRECTOTCORR; cell_id,2001-1-1-0,2025-12-31-23,0,1-hour continuous
lat_-3.3_lon_-39.9.rds,lat_-3.3_lon_-39.9,-39.9,-3.3,219144,11,LON; LAT; YEAR; MO; DY; HR; T2M; RH2M; T2MDEW; PRECTOTCORR; cell_id,2001-1-1-0,2025-12-31-23,0,1-hour continuous
lat_-3.3_lon_-40.5.rds,lat_-3.3_lon_-40.5,-40.5,-3.3,219144,11,LON; LAT; YEAR; MO; DY; HR; T2M; RH2M; T2MDEW; PRECTOTCORR; cell_id,2001-1-1-0,2025-12-31-23,0,1-hour continuous
lat_-3.3_lon_-41.0.rds,lat_-3.3_lon_-41.0,-41,-3.3,219144,11,LON; LAT; YEAR; MO; DY; HR; T2M; RH2M; T2MDEW; PRECTOTCORR; cell_id,2001-1-1-0,2025-12-31-23,0,1-hour continuous
lat_-3.4_lon_-40.2.rds,lat_-3.4_lon_-40.2,-40.2,-3.4,219144,11,LON; LAT; YEAR; MO; DY; HR; T2M; RH2M; T2MDEW; PRECTOTCORR; cell_id,2001-1-1-0,2025-12-31-23,0,1-hour continuous
lat_-3.4_lon_-40.3.rds,lat_-3.4_lon_-40.3,-40.3,-3.4,219144,11,LON; LAT; YEAR; MO; DY; HR; T2M; RH2M; T2MDEW; PRECTOTCORR; cell_id,2001-1-1-0,2025-12-31-23,0,1-hour continuous
lat_-3.4_lon_-40.7.rds,lat_-3.4_lon_-40.7,-40.7,-3.4,219144,11,LON; LAT; YEAR; MO; DY; HR; T2M; RH2M; T2MDEW; PRECTOTCORR; cell_id,2001-1-1-0,2025-12-31-23,0,1-hour continuous
lat_-3.4_lon_-41.0.rds,lat_-3.4_lon_-41.0,-41,-3.4,219144,11,LON; LAT; YEAR; MO; DY; HR; T2M; RH2M; T2MDEW; PRECTOTCORR; cell_id,2001-1-1-0,2025-12-31-23,0,1-hour continuous
lat_-3.5_lon_-39.5.rds,lat_-3.5_lon_-39.5,-39.5,-3.5,219144,11,LON; LAT; YEAR; MO; DY; HR; T2M; RH2M; T2MDEW; PRECTOTCORR; cell_id,2001-1-1-0,2025-12-31-23,0,1-hour continuous
lat_-3.6_lon_-39.0.rds,lat_-3.6_lon_-39.0,-39,-3.6,219144,11,LON; LAT; YEAR; MO; DY; HR; T2M; RH2M; T2MDEW; PRECTOTCORR; cell_id,2001-1-1-0,2025-12-31-23,0,1-hour continuous
lat_-3.6_lon_-39.4.rds,lat_-3.6_lon_-39.4,-39.4,-3.6,219144,11,LON; LAT; YEAR; MO; DY; HR; T2M; RH2M; T2MDEW; PRECTOTCORR; cell_id,2001-1-1-0,2025-12-31-23,0,1-hour continuous
lat_-3.6_lon_-40.6.rds,lat_-3.6_lon_-40.6,-40.6,-3.6,219144,11,LON; LAT; YEAR; MO; DY; HR; T2M; RH2M; T2MDEW; PRECTOTCORR; cell_id,2001-1-1-0,2025-12-31-23,0,1-hour continuous
lat_-3.7_lon_-38.8.rds,lat_-3.7_lon_-38.8,-38.8,-3.7,219144,11,LON; LAT; YEAR; MO; DY; HR; T2M; RH2M; T2MDEW; PRECTOTCORR; cell_id,2001-1-1-0,2025-12-31-23,0,1-hour continuous
lat_-3.7_lon_-39.2.rds,lat_-3.7_lon_-39.2,-39.2,-3.7,219144,11,LON; LAT; YEAR; MO; DY; HR; T2M; RH2M; T2MDEW; PRECTOTCORR; cell_id,2001-1-1-0,2025-12-31-23,0,1-hour continuous
lat_-3.7_lon_-39.3.rds,lat_-3.7_lon_-39.3,-39.3,-3.7,219144,11,LON; LAT; YEAR; MO; DY; HR; T2M; RH2M; T2MDEW; PRECTOTCORR; cell_id,2001-1-1-0,2025-12-31-23,0,1-hour continuous
lat_-3.8_lon_-39.3.rds,lat_-3.8_lon_-39.3,-39.3,-3.8,219144,11,LON; LAT; YEAR; MO; DY; HR; T2M; RH2M; T2MDEW; PRECTOTCORR; cell_id,2001-1-1-0,2025-12-31-23,0,1-hour continuous
lat_-3.8_lon_-39.5.rds,lat_-3.8_lon_-39.5,-39.5,-3.8,219144,11,LON; LAT; YEAR; MO; DY; HR; T2M; RH2M; T2MDEW; PRECTOTCORR; cell_id,2001-1-1-0,2025-12-31-23,0,1-hour continuous
lat_-3.8_lon_-40.8.rds,lat_-3.8_lon_-40.8,-40.8,-3.8,219144,11,LON; LAT; YEAR; MO; DY; HR; T2M; RH2M; T2MDEW; PRECTOTCORR; cell_id,2001-1-1-0,2025-12-31-23,0,1-hour continuous
lat_-3.9_lon_-38.5.rds,lat_-3.9_lon_-38.5,-38.5,-3.9,219144,11,LON; LAT; YEAR; MO; DY; HR; T2M; RH2M; T2MDEW; PRECTOTCORR; cell_id,2001-1-1-0,2025-12-31-23,0,1-hour continuous
lat_-3.9_lon_-40.4.rds,lat_-3.9_lon_-40.4,-40.4,-3.9,219144,11,LON; LAT; YEAR; MO; DY; HR; T2M; RH2M; T2MDEW; PRECTOTCORR; cell_id,2001-1-1-0,2025-12-31-23,0,1-hour continuous
lat_-3.9_lon_-40.5.rds,lat_-3.9_lon_-40.5,-40.5,-3.9,219144,11,LON; LAT; YEAR; MO; DY; HR; T2M; RH2M; T2MDEW; PRECTOTCORR; cell_id,2001-1-1-0,2025-12-31-23,0,1-hour continuous
lat_-3.9_lon_-41.7.rds,lat_-3.9_lon_-41.7,-41.7,-3.9,219144,11,LON; LAT; YEAR; MO; DY; HR; T2M; RH2M; T2MDEW; PRECTOTCORR; cell_id,2001-1-1-0,2025-12-31-23,0,1-hour continuous
lat_-4.0_lon_-38.5.rds,lat_-4.0_lon_-38.5,-38.5,-4,219144,11,LON; LAT; YEAR; MO; DY; HR; T2M; RH2M; T2MDEW; PRECTOTCORR; cell_id,2001-1-1-0,2025-12-31-23,0,1-hour continuous
lat_-4.0_lon_-38.6.rds,lat_-4.0_lon_-38.6,-38.6,-4,219144,11,LON; LAT; YEAR; MO; DY; HR; T2M; RH2M; T2MDEW; PRECTOTCORR; cell_id,2001-1-1-0,2025-12-31-23,0,1-hour continuous
lat_-4.0_lon_-38.9.rds,lat_-4.0_lon_-38.9,-38.9,-4,219144,11,LON; LAT; YEAR; MO; DY; HR; T2M; RH2M; T2MDEW; PRECTOTCORR; cell_id,2001-1-1-0,2025-12-31-23,0,1-hour continuous
lat_-4.0_lon_-40.1.rds,lat_-4.0_lon_-40.1,-40.1,-4,219144,11,LON; LAT; YEAR; MO; DY; HR; T2M; RH2M; T2MDEW; PRECTOTCORR; cell_id,2001-1-1-0,2025-12-31-23,0,1-hour continuous
lat_-4.2_lon_-38.2.rds,lat_-4.2_lon_-38.2,-38.2,-4.2,219144,11,LON; LAT; YEAR; MO; DY; HR; T2M; RH2M; T2MDEW; PRECTOTCORR; cell_id,2001-1-1-0,2025-12-31-23,0,1-hour continuous
lat_-4.2_lon_-38.5.rds,lat_-4.2_lon_-38.5,-38.5,-4.2,219144,11,LON; LAT; YEAR; MO; DY; HR; T2M; RH2M; T2MDEW; PRECTOTCORR; cell_id,2001-1-1-0,2025-12-31-23,0,1-hour continuous
lat_-4.2_lon_-40.4.rds,lat_-4.2_lon_-40.4,-40.4,-4.2,219144,11,LON; LAT; YEAR; MO; DY; HR; T2M; RH2M; T2MDEW; PRECTOTCORR; cell_id,2001-1-1-0,2025-12-31-23,0,1-hour continuous
lat_-4.3_lon_-38.5.rds,lat_-4.3_lon_-38.5,-38.5,-4.3,219144,11,LON; LAT; YEAR; MO; DY; HR; T2M; RH2M; T2MDEW; PRECTOTCORR; cell_id,2001-1-1-0,2025-12-31-23,0,1-hour continuous
lat_-4.3_lon_-39.0.rds,lat_-4.3_lon_-39.0,-39,-4.3,219144,11,LON; LAT; YEAR; MO; DY; HR; T2M; RH2M; T2MDEW; PRECTOTCORR; cell_id,2001-1-1-0,2025-12-31-23,0,1-hour continuous
lat_-4.3_lon_-39.3.rds,lat_-4.3_lon_-39.3,-39.3,-4.3,219144,11,LON; LAT; YEAR; MO; DY; HR; T2M; RH2M; T2MDEW; PRECTOTCORR; cell_id,2001-1-1-0,2025-12-31-23,0,1-hour continuous
lat_-4.3_lon_-41.8.rds,lat_-4.3_lon_-41.8,-41.8,-4.3,219144,11,LON; LAT; YEAR; MO; DY; HR; T2M; RH2M; T2MDEW; PRECTOTCORR; cell_id,2001-1-1-0,2025-12-31-23,0,1-hour continuous
lat_-4.5_lon_-38.3.rds,lat_-4.5_lon_-38.3,-38.3,-4.5,219144,11,LON; LAT; YEAR; MO; DY; HR; T2M; RH2M; T2MDEW; PRECTOTCORR; cell_id,2001-1-1-0,2025-12-31-23,0,1-hour continuous
lat_-4.6_lon_-37.8.rds,lat_-4.6_lon_-37.8,-37.8,-4.6,219144,11,LON; LAT; YEAR; MO; DY; HR; T2M; RH2M; T2MDEW; PRECTOTCORR; cell_id,2001-1-1-0,2025-12-31-23,0,1-hour continuous
lat_-4.6_lon_-38.9.rds,lat_-4.6_lon_-38.9,-38.9,-4.6,219144,11,LON; LAT; YEAR; MO; DY; HR; T2M; RH2M; T2MDEW; PRECTOTCORR; cell_id,2001-1-1-0,2025-12-31-23,0,1-hour continuous
lat_-4.7_lon_-37.8.rds,lat_-4.7_lon_-37.8,-37.8,-4.7,219144,11,LON; LAT; YEAR; MO; DY; HR; T2M; RH2M; T2MDEW; PRECTOTCORR; cell_id,2001-1-1-0,2025-12-31-23,0,1-hour continuous
lat_-4.7_lon_-39.5.rds,lat_-4.7_lon_-39.5,-39.5,-4.7,219144,11,LON; LAT; YEAR; MO; DY; HR; T2M; RH2M; T2MDEW; PRECTOTCORR; cell_id,2001-1-1-0,2025-12-31-23,0,1-hour continuous
lat_-4.8_lon_-38.0.rds,lat_-4.8_lon_-38.0,-38,-4.8,219144,11,LON; LAT; YEAR; MO; DY; HR; T2M; RH2M; T2MDEW; PRECTOTCORR; cell_id,2001-1-1-0,2025-12-31-23,0,1-hour continuous
lat_-4.8_lon_-38.7.rds,lat_-4.8_lon_-38.7,-38.7,-4.8,219144,11,LON; LAT; YEAR; MO; DY; HR; T2M; RH2M; T2MDEW; PRECTOTCORR; cell_id,2001-1-1-0,2025-12-31-23,0,1-hour continuous
lat_-4.8_lon_-40.1.rds,lat_-4.8_lon_-40.1,-40.1,-4.8,219144,11,LON; LAT; YEAR; MO; DY; HR; T2M; RH2M; T2MDEW; PRECTOTCORR; cell_id,2001-1-1-0,2025-12-31-23,0,1-hour continuous
lat_-4.8_lon_-42.1.rds,lat_-4.8_lon_-42.1,-42.1,-4.8,219144,11,LON; LAT; YEAR; MO; DY; HR; T2M; RH2M; T2MDEW; PRECTOTCORR; cell_id,2001-1-1-0,2025-12-31-23,0,1-hour continuous
lat_-5.0_lon_-38.0.rds,lat_-5.0_lon_-38.0,-38,-5,219144,11,LON; LAT; YEAR; MO; DY; HR; T2M; RH2M; T2MDEW; PRECTOTCORR; cell_id,2001-1-1-0,2025-12-31-23,0,1-hour continuous
lat_-5.0_lon_-38.6.rds,lat_-5.0_lon_-38.6,-38.6,-5,219144,11,LON; LAT; YEAR; MO; DY; HR; T2M; RH2M; T2MDEW; PRECTOTCORR; cell_id,2001-1-1-0,2025-12-31-23,0,1-hour continuous
lat_-5.0_lon_-39.0.rds,lat_-5.0_lon_-39.0,-39,-5,219144,11,LON; LAT; YEAR; MO; DY; HR; T2M; RH2M; T2MDEW; PRECTOTCORR; cell_id,2001-1-1-0,2025-12-31-23,0,1-hour continuous
lat_-5.1_lon_-38.0.rds,lat_-5.1_lon_-38.0,-38,-5.1,219144,11,LON; LAT; YEAR; MO; DY; HR; T2M; RH2M; T2MDEW; PRECTOTCORR; cell_id,2001-1-1-0,2025-12-31-23,0,1-hour continuous
lat_-5.1_lon_-38.1.rds,lat_-5.1_lon_-38.1,-38.1,-5.1,219144,11,LON; LAT; YEAR; MO; DY; HR; T2M; RH2M; T2MDEW; PRECTOTCORR; cell_id,2001-1-1-0,2025-12-31-23,0,1-hour continuous
lat_-5.1_lon_-38.3.rds,lat_-5.1_lon_-38.3,-38.3,-5.1,219144,11,LON; LAT; YEAR; MO; DY; HR; T2M; RH2M; T2MDEW; PRECTOTCORR; cell_id,2001-1-1-0,2025-12-31-23,0,1-hour continuous
lat_-5.2_lon_-38.1.rds,lat_-5.2_lon_-38.1,-38.1,-5.2,219144,11,LON; LAT; YEAR; MO; DY; HR; T2M; RH2M; T2MDEW; PRECTOTCORR; cell_id,2001-1-1-0,2025-12-31-23,0,1-hour continuous
lat_-5.4_lon_-38.3.rds,lat_-5.4_lon_-38.3,-38.3,-5.4,219144,11,LON; LAT; YEAR; MO; DY; HR; T2M; RH2M; T2MDEW; PRECTOTCORR; cell_id,2001-1-1-0,2025-12-31-23,0,1-hour continuous
lat_-5.5_lon_-37.6.rds,lat_-5.5_lon_-37.6,-37.6,-5.5,219144,11,LON; LAT; YEAR; MO; DY; HR; T2M; RH2M; T2MDEW; PRECTOTCORR; cell_id,2001-1-1-0,2025-12-31-23,0,1-hour continuous
lat_-5.5_lon_-39.5.rds,lat_-5.5_lon_-39.5,-39.5,-5.5,219144,11,LON; LAT; YEAR; MO; DY; HR; T2M; RH2M; T2MDEW; PRECTOTCORR; cell_id,2001-1-1-0,2025-12-31-23,0,1-hour continuous
lat_-5.6_lon_-37.8.rds,lat_-5.6_lon_-37.8,-37.8,-5.6,219144,11,LON; LAT; YEAR; MO; DY; HR; T2M; RH2M; T2MDEW; PRECTOTCORR; cell_id,2001-1-1-0,2025-12-31-23,0,1-hour continuous
lat_-6.3_lon_-38.7.rds,lat_-6.3_lon_-38.7,-38.7,-6.3,219144,11,LON; LAT; YEAR; MO; DY; HR; T2M; RH2M; T2MDEW; PRECTOTCORR; cell_id,2001-1-1-0,2025-12-31-23,0,1-hour continuous
lat_-6.7_lon_-38.3.rds,lat_-6.7_lon_-38.3,-38.3,-6.7,219144,11,LON; LAT; YEAR; MO; DY; HR; T2M; RH2M; T2MDEW; PRECTOTCORR; cell_id,2001-1-1-0,2025-12-31-23,0,1-hour continuous
lat_-6.8_lon_-38.5.rds,lat_-6.8_lon_-38.5,-38.5,-6.8,219144,11,LON; LAT; YEAR; MO; DY; HR; T2M; RH2M; T2MDEW; PRECTOTCORR; cell_id,2001-1-1-0,2025-12-31-23,0,1-hour continuous
