Model,Parameter,Estimate,Std_Error,t_value,p_value
Model 1: Generalized Beta x Weibull,a,2.1227023271300428e-7,1.1913322615755544e-6,0.17817886710486106,0.8609665673562674
Model 1: Generalized Beta x Weibull,d,2.7469368986127756,1.049774191055133,2.616693115546893,0.01944166650814638
Model 1: Generalized Beta x Weibull,e,3.34205408255374,1.2199588772339904,2.739480932448453,0.01520446862505484
Model 1: Generalized Beta x Weibull,lambda,12.128934194925487,0.9992560588570338,12.137964125830539,3.696899463384677e-9
Model 1: Generalized Beta x Weibull,k,3.7710757381392304,1.2966055942542025,2.90842161629599,0.010808470826580594
Model 2: Wetness-expanded Analytis x Weibull,a,3.3959716922753986,0.11902863106854043,28.53071283597214,8.337630650105687e-14
Model 2: Wetness-expanded Analytis x Weibull,b,0.7909216060235815,0.041705396305015595,18.964490835649087,2.2079765636490346e-11
Model 2: Wetness-expanded Analytis x Weibull,c0,29.186175493522967,8.618326205339173,3.3865248075016847,0.004430064897180232
Model 2: Wetness-expanded Analytis x Weibull,c1,-1.1246746548040296,0.35924812767638653,-3.1306347010864455,0.0073699021621742135
Model 2: Wetness-expanded Analytis x Weibull,lambda,8.796227541049973,1.0626665932070234,8.277504531787173,9.18732942466389e-7
Model 2: Wetness-expanded Analytis x Weibull,k,8.423668380921923,9.476343477834337,0.8889154768002366,0.389066909269695
Model 3: Centered Gaussian Dynamic Breadth x Weibull,Topt,21.25972430207533,0.20683004057575424,102.7883775630198,8.786917672958277e-23
Model 3: Centered Gaussian Dynamic Breadth x Weibull,sigma_Wbar,2.279778808993456,0.25379362724135446,8.982805572282617,2.010030474708775e-7
Model 3: Centered Gaussian Dynamic Breadth x Weibull,gamma,0.29837079908324654,0.06303958802698773,4.733070256669694,2.667597157461919e-4
Model 3: Centered Gaussian Dynamic Breadth x Weibull,lambda,8.36656516369052,0.5559375957399971,15.04946819175623,1.853092717354508e-10
Model 3: Centered Gaussian Dynamic Breadth x Weibull,k,8.92883856931965,9.138352558620277,0.9770731115967953,0.34402881373309824
