start_month,Mean_Monthly_EPI_inf,SD_Monthly_EPI_inf,Mean_Monthly_EPI_spore,SD_Monthly_EPI_spore,Mean_Latent_Period_days
1,3.382684347510026,2.4330432588594055,1.5938849051856216,1.2612479721771388,9.591062749627065
2,6.664834724238168,4.3731336657449225,5.368204258734665,3.68297672962005,9.63276990630409
3,11.50390555851122,6.237887257719694,10.251240396284713,5.809059985805989,9.690537177985934
4,13.021921092917792,6.372295340948074,12.689648424964854,6.350567974043788,9.729323108529327
5,11.921092027462475,6.632124192965549,12.73841289167562,6.664339637586661,9.829611680840417
6,9.427698293916796,5.9391319910237055,10.37960985199487,6.1927526744637955,10.056891829737399
7,5.367070526848755,4.144518235832877,7.160999949825879,5.274211219342923,10.088216224488175
8,1.2453220351428624,1.025594905994417,2.201639243125322,1.8300078900321626,9.973869523665803
9,0.08065062054523948,0.09195717197712278,0.3062001593659469,0.28359660048152846,9.764095744680851
10,0.01056295635128962,0.016052169100800706,0.013871337068432398,0.020794514922416338,9.413608562691131
11,0.010020183611727743,0.01458914768631514,0.011163035416010892,0.016547536553453614,9.330372250423013
12,0.21689498322403905,0.21891293094082587,0.13741087221051487,0.14013107642674869,9.413747346072185
