cell_id,lat,lon,Mean_Annual_EPI_inf,Mean_Annual_EPI_spore,Mean_Annual_Episodes,Mean_Annual_High_Inf_Episodes,Mean_Annual_Completed_Cohorts,Mean_LP_days
lat_-3.8_lon_-40.8,-3.8,-40.8,117.83625947236312,117.83625947236311,188.52,127.92,188.52,10.271746018674914
lat_-3.9_lon_-40.4,-3.9,-40.4,117.83625947236312,117.83625947236311,188.52,127.92,188.52,10.271746018674914
lat_-3.9_lon_-40.5,-3.9,-40.5,117.83625947236312,117.83625947236311,188.52,127.92,188.52,10.271746018674914
lat_-4.2_lon_-40.4,-4.2,-40.4,117.83625947236312,117.83625947236311,188.52,127.92,188.52,10.271746018674914
lat_-4.3_lon_-39.3,-4.3,-39.3,111.36529962925736,111.36529962925735,186.84,119.68,186.84,10.231493461531409
lat_-4.7_lon_-39.5,-4.7,-39.5,111.36529962925736,111.36529962925735,186.84,119.68,186.84,10.231493461531409
lat_-3.3_lon_-40.5,-3.3,-40.5,108.44029417938663,108.44029417938665,197.44,124.6,197.44,9.94593903647878
lat_-3.4_lon_-40.7,-3.4,-40.7,108.44029417938663,108.44029417938665,197.44,124.6,197.44,9.94593903647878
lat_-3.6_lon_-40.6,-3.6,-40.6,108.44029417938663,108.44029417938665,197.44,124.6,197.44,9.94593903647878
lat_-4.0_lon_-40.1,-4,-40.1,105.39501210101835,105.39501210101832,196.2,117.04,196.2,10.00816651066368
lat_-3.3_lon_-39.9,-3.3,-39.9,98.20583330454174,98.20583330454173,204.08,110.84,204.08,9.791658862199936
lat_-3.4_lon_-40.2,-3.4,-40.2,98.20583330454174,98.20583330454173,204.08,110.84,204.08,9.791658862199936
lat_-3.4_lon_-40.3,-3.4,-40.3,98.20583330454174,98.20583330454173,204.08,110.84,204.08,9.791658862199936
lat_-3.3_lon_-41.0,-3.3,-41,97.7704436212958,97.77044362129581,182.6,110.84,182.6,10.023202912736835
lat_-3.4_lon_-41.0,-3.4,-41,97.7704436212958,97.77044362129581,182.6,110.84,182.6,10.023202912736835
lat_-3.8_lon_-39.3,-3.8,-39.3,96.80629567239835,96.80629567239835,194.48,108.36,194.48,9.880571919608087
lat_-3.8_lon_-39.5,-3.8,-39.5,96.80629567239835,96.80629567239835,194.48,108.36,194.48,9.880571919608087
lat_-4.8_lon_-40.1,-4.8,-40.1,96.46525375640641,96.4652537564064,157.64,98.24,157.64,10.542647246221959
lat_-3.9_lon_-38.5,-3.9,-38.5,93.25048600456992,93.25040716830385,193.88,107.28,193.84,9.76764222574829
lat_-4.0_lon_-38.5,-4,-38.5,93.25048600456992,93.25040716830385,193.88,107.28,193.84,9.76764222574829
lat_-4.0_lon_-38.6,-4,-38.6,93.25048600456992,93.25040716830385,193.88,107.28,193.84,9.76764222574829
lat_-4.0_lon_-38.9,-4,-38.9,93.25048600456992,93.25040716830385,193.88,107.28,193.84,9.76764222574829
lat_-4.2_lon_-38.5,-4.2,-38.5,93.25048600456992,93.25040716830385,193.88,107.28,193.84,9.76764222574829
lat_-4.3_lon_-38.5,-4.3,-38.5,88.42158660835686,88.42158660835689,171.2,100.84,171.2,9.88609708797248
lat_-4.3_lon_-39.0,-4.3,-39,88.42158660835686,88.42158660835689,171.2,100.84,171.2,9.88609708797248
lat_-4.6_lon_-38.9,-4.6,-38.9,88.42158660835686,88.42158660835689,171.2,100.84,171.2,9.88609708797248
lat_-4.3_lon_-41.8,-4.3,-41.8,65.35505289597512,65.33391261965814,135.84,72.52,135.8,9.806025085036767
lat_-3.9_lon_-41.7,-3.9,-41.7,64.47425702424154,64.47425702424154,152.88,65.68,152.88,9.627528464702888
lat_-3.3_lon_-39.3,-3.3,-39.3,58.56529567897931,58.56529567897931,177.6,49.2,177.6,9.537677753647255
lat_-3.5_lon_-39.5,-3.5,-39.5,58.56529567897931,58.56529567897931,177.6,49.2,177.6,9.537677753647255
lat_-3.6_lon_-39.4,-3.6,-39.4,58.56529567897931,58.56529567897931,177.6,49.2,177.6,9.537677753647255
lat_-3.7_lon_-39.2,-3.7,-39.2,58.56529567897931,58.56529567897931,177.6,49.2,177.6,9.537677753647255
lat_-3.7_lon_-39.3,-3.7,-39.3,58.56529567897931,58.56529567897931,177.6,49.2,177.6,9.537677753647255
lat_-4.8_lon_-38.7,-4.8,-38.7,57.4940488222393,57.49404882223929,141.64,60.88,141.64,9.759888317488523
lat_-5.0_lon_-38.6,-5,-38.6,57.4940488222393,57.49404882223929,141.64,60.88,141.64,9.759888317488523
lat_-5.0_lon_-39.0,-5,-39,57.4940488222393,57.49404882223929,141.64,60.88,141.64,9.759888317488523
lat_-5.5_lon_-39.5,-5.5,-39.5,54.33652135325967,54.33652135325968,131.32,55.56,131.32,9.937960005751977
lat_-4.8_lon_-42.1,-4.8,-42.1,52.82857311096125,52.82765260752948,115.64,56.52,115.6,9.779466557575743
lat_-6.8_lon_-38.5,-6.8,-38.5,50.56838067256214,50.56838067256214,104.8,50.72,104.8,10.270063652591137
lat_-6.7_lon_-38.3,-6.7,-38.3,49.997699357557096,49.9976993575571,104.76,51.32,104.76,10.138586033976392
lat_-6.3_lon_-38.7,-6.3,-38.7,46.52334244293375,46.52334244293375,105.68,47.4,105.68,10.048906506233777
lat_-2.9_lon_-41.7,-2.9,-41.7,42.476915060532605,42.47605174716428,175.08,23.12,175,9.309027979677792
lat_-2.9_lon_-41.8,-2.9,-41.8,42.476915060532605,42.47605174716428,175.08,23.12,175,9.309027979677792
lat_-4.8_lon_-38.0,-4.8,-38,35.91083406042601,35.910834060426,101.28,35.92,101.28,9.540771535414192
lat_-5.0_lon_-38.0,-5,-38,35.91083406042601,35.910834060426,101.28,35.92,101.28,9.540771535414192
lat_-5.1_lon_-38.0,-5.1,-38,35.91083406042601,35.910834060426,101.28,35.92,101.28,9.540771535414192
lat_-5.1_lon_-38.1,-5.1,-38.1,35.91083406042601,35.910834060426,101.28,35.92,101.28,9.540771535414192
lat_-5.1_lon_-38.3,-5.1,-38.3,35.91083406042601,35.910834060426,101.28,35.92,101.28,9.540771535414192
lat_-5.2_lon_-38.1,-5.2,-38.1,35.91083406042601,35.910834060426,101.28,35.92,101.28,9.540771535414192
lat_-5.4_lon_-38.3,-5.4,-38.3,34.68119696261458,34.68119696261458,95.32,34.52,95.32,9.628967257878443
lat_-5.5_lon_-37.6,-5.5,-37.6,30.59075774179557,30.59075774179557,84.84,29.6,84.84,9.580957740717835
lat_-5.6_lon_-37.8,-5.6,-37.8,30.59075774179557,30.59075774179557,84.84,29.6,84.84,9.580957740717835
lat_-4.5_lon_-38.3,-4.5,-38.3,27.597728116973528,27.59772811697353,104.52,18.04,104.52,9.341537052615795
lat_-2.9_lon_-40.1,-2.9,-40.1,25.092246569789125,25.092246569789133,150.2,6.48,150.2,9.217182880322998
lat_-2.9_lon_-40.2,-2.9,-40.2,25.092246569789125,25.092246569789133,150.2,6.48,150.2,9.217182880322998
lat_-3.1_lon_-40.2,-3.1,-40.2,25.092246569789125,25.092246569789133,150.2,6.48,150.2,9.217182880322998
lat_-3.2_lon_-39.9,-3.2,-39.9,25.092246569789125,25.092246569789133,150.2,6.48,150.2,9.217182880322998
lat_-3.2_lon_-40.1,-3.2,-40.1,25.092246569789125,25.092246569789133,150.2,6.48,150.2,9.217182880322998
lat_-3.0_lon_-41.1,-3,-41.1,23.101370842807526,23.101370842807523,154.96,8.2,154.96,9.219581540015861
lat_-3.0_lon_-41.2,-3,-41.2,23.101370842807526,23.101370842807523,154.96,8.2,154.96,9.219581540015861
lat_-4.2_lon_-38.2,-4.2,-38.2,2.0401383195535705,2.0401383195535705,32.92,0.12,32.92,8.904365484466428
lat_-3.6_lon_-39.0,-3.6,-39,0.9413182505103913,0.9413182505103912,23.72,0.04,23.72,8.901408636525309
lat_-3.7_lon_-38.8,-3.7,-38.8,0.9413182505103913,0.9413182505103912,23.72,0.04,23.72,8.901408636525309
lat_-4.6_lon_-37.8,-4.6,-37.8,0.009648877349649304,0.009648877349649304,1.24,0,1.24,8.821006944444445
lat_-4.7_lon_-37.8,-4.7,-37.8,0.009648877349649304,0.009648877349649304,1.24,0,1.24,8.821006944444445
