relative_path,filename,size_bytes,sha256,num_records,date_range,start_timestamp,end_timestamp,columns,notes
data/raw/nasapower_maravalia/hourly/lat_-2.9_lon_-40.1.rds,lat_-2.9_lon_-40.1.rds,1701134,2e5dedc7ddb1aaf58f558bdf9fed6b335e16e5bf6f28ff7140b410177eef77d2,219144,2001-01-01 to 2025-12-31,2001-1-1-00:00,2025-12-31-23:00,LON; LAT; YEAR; MO; DY; HR; T2M; RH2M; T2MDEW; PRECTOTCORR; cell_id,"Archived baseline (PRECTOTCORR in mm/day; T2M, RH2M, T2MDEW match API exactly; reference for reproduction)"
data/raw/nasapower_maravalia/hourly/lat_-2.9_lon_-40.2.rds,lat_-2.9_lon_-40.2.rds,1701132,2adc10b4924f3efdd02b6d1706ab94629c64ccc74d115d2ff7d5d675138a17fb,219144,2001-01-01 to 2025-12-31,2001-1-1-00:00,2025-12-31-23:00,LON; LAT; YEAR; MO; DY; HR; T2M; RH2M; T2MDEW; PRECTOTCORR; cell_id,"Archived baseline (PRECTOTCORR in mm/day; T2M, RH2M, T2MDEW match API exactly; reference for reproduction)"
data/raw/nasapower_maravalia/hourly/lat_-2.9_lon_-41.7.rds,lat_-2.9_lon_-41.7.rds,1717171,b24ff3d3bc330a095e4ee334f8295f10a3da4183c1ada4df17b90fb0cdfc0aa7,219144,2001-01-01 to 2025-12-31,2001-1-1-00:00,2025-12-31-23:00,LON; LAT; YEAR; MO; DY; HR; T2M; RH2M; T2MDEW; PRECTOTCORR; cell_id,"Archived baseline (PRECTOTCORR in mm/day; T2M, RH2M, T2MDEW match API exactly; reference for reproduction)"
data/raw/nasapower_maravalia/hourly/lat_-2.9_lon_-41.8.rds,lat_-2.9_lon_-41.8.rds,1717170,49aa6d4a562ca6969a5150975cee4a7b738bcf5ef4b8aa36ba3516455db16a92,219144,2001-01-01 to 2025-12-31,2001-1-1-00:00,2025-12-31-23:00,LON; LAT; YEAR; MO; DY; HR; T2M; RH2M; T2MDEW; PRECTOTCORR; cell_id,"Archived baseline (PRECTOTCORR in mm/day; T2M, RH2M, T2MDEW match API exactly; reference for reproduction)"
data/raw/nasapower_maravalia/hourly/lat_-3.0_lon_-41.1.rds,lat_-3.0_lon_-41.1.rds,1713573,f46ca5f31ebea852fece6c38bc15b7d891a2410d03fe00d220c6e7734fa3095c,219144,2001-01-01 to 2025-12-31,2001-1-1-00:00,2025-12-31-23:00,LON; LAT; YEAR; MO; DY; HR; T2M; RH2M; T2MDEW; PRECTOTCORR; cell_id,"Archived baseline (PRECTOTCORR in mm/day; T2M, RH2M, T2MDEW match API exactly; reference for reproduction)"
data/raw/nasapower_maravalia/hourly/lat_-3.0_lon_-41.2.rds,lat_-3.0_lon_-41.2.rds,1713571,69e6d0302f71117104a39b9c16d0db655389624def0ba7dd506c6f089da796e7,219144,2001-01-01 to 2025-12-31,2001-1-1-00:00,2025-12-31-23:00,LON; LAT; YEAR; MO; DY; HR; T2M; RH2M; T2MDEW; PRECTOTCORR; cell_id,"Archived baseline (PRECTOTCORR in mm/day; T2M, RH2M, T2MDEW match API exactly; reference for reproduction)"
data/raw/nasapower_maravalia/hourly/lat_-3.1_lon_-40.2.rds,lat_-3.1_lon_-40.2.rds,1701134,712621a4b793cc7870bfdbdc1f5e5631efdd7a953337ac63fce36bc7a163a213,219144,2001-01-01 to 2025-12-31,2001-1-1-00:00,2025-12-31-23:00,LON; LAT; YEAR; MO; DY; HR; T2M; RH2M; T2MDEW; PRECTOTCORR; cell_id,"Archived baseline (PRECTOTCORR in mm/day; T2M, RH2M, T2MDEW match API exactly; reference for reproduction)"
data/raw/nasapower_maravalia/hourly/lat_-3.2_lon_-39.9.rds,lat_-3.2_lon_-39.9.rds,1701133,769b166558bdd1a291ceea012d6168fc96e64be583155e89f3d95ba76a420af7,219144,2001-01-01 to 2025-12-31,2001-1-1-00:00,2025-12-31-23:00,LON; LAT; YEAR; MO; DY; HR; T2M; RH2M; T2MDEW; PRECTOTCORR; cell_id,"Archived baseline (PRECTOTCORR in mm/day; T2M, RH2M, T2MDEW match API exactly; reference for reproduction)"
data/raw/nasapower_maravalia/hourly/lat_-3.2_lon_-40.1.rds,lat_-3.2_lon_-40.1.rds,1701135,850c06509a56e5fce3c89e386e7d95f30a9e2575257472851f0b74a70ffffea1,219144,2001-01-01 to 2025-12-31,2001-1-1-00:00,2025-12-31-23:00,LON; LAT; YEAR; MO; DY; HR; T2M; RH2M; T2MDEW; PRECTOTCORR; cell_id,"Archived baseline (PRECTOTCORR in mm/day; T2M, RH2M, T2MDEW match API exactly; reference for reproduction)"
data/raw/nasapower_maravalia/hourly/lat_-3.3_lon_-39.3.rds,lat_-3.3_lon_-39.3.rds,1687418,8a5644d652e586243f3f5d05f3ad893012ebb52fdd2df0b95c0b477b88f58fe4,219144,2001-01-01 to 2025-12-31,2001-1-1-00:00,2025-12-31-23:00,LON; LAT; YEAR; MO; DY; HR; T2M; RH2M; T2MDEW; PRECTOTCORR; cell_id,"Archived baseline (PRECTOTCORR in mm/day; T2M, RH2M, T2MDEW match API exactly; reference for reproduction)"
data/raw/nasapower_maravalia/hourly/lat_-3.3_lon_-39.9.rds,lat_-3.3_lon_-39.9.rds,1730843,50dd1935fd9131136980bb82cbc56f79694cda7e1dda6020c6ed77e4d2479be3,219144,2001-01-01 to 2025-12-31,2001-1-1-00:00,2025-12-31-23:00,LON; LAT; YEAR; MO; DY; HR; T2M; RH2M; T2MDEW; PRECTOTCORR; cell_id,"Archived baseline (PRECTOTCORR in mm/day; T2M, RH2M, T2MDEW match API exactly; reference for reproduction)"
data/raw/nasapower_maravalia/hourly/lat_-3.3_lon_-40.5.rds,lat_-3.3_lon_-40.5.rds,1711299,08e54a11930d3ae0ef80bff411eac2447eea82149673732400eb3c531c0dd5f8,219144,2001-01-01 to 2025-12-31,2001-1-1-00:00,2025-12-31-23:00,LON; LAT; YEAR; MO; DY; HR; T2M; RH2M; T2MDEW; PRECTOTCORR; cell_id,"Archived baseline (PRECTOTCORR in mm/day; T2M, RH2M, T2MDEW match API exactly; reference for reproduction)"
data/raw/nasapower_maravalia/hourly/lat_-3.3_lon_-41.0.rds,lat_-3.3_lon_-41.0.rds,1714075,40954206658b15d50d3551f8a33d3d9e0d16d904750fbf029f77ddaa1e4392a9,219144,2001-01-01 to 2025-12-31,2001-1-1-00:00,2025-12-31-23:00,LON; LAT; YEAR; MO; DY; HR; T2M; RH2M; T2MDEW; PRECTOTCORR; cell_id,"Archived baseline (PRECTOTCORR in mm/day; T2M, RH2M, T2MDEW match API exactly; reference for reproduction)"
data/raw/nasapower_maravalia/hourly/lat_-3.4_lon_-40.2.rds,lat_-3.4_lon_-40.2.rds,1730842,56d2640589378b30d26e4cc299c2e6e9aebf8126e1caa51f61b81065b204e77c,219144,2001-01-01 to 2025-12-31,2001-1-1-00:00,2025-12-31-23:00,LON; LAT; YEAR; MO; DY; HR; T2M; RH2M; T2MDEW; PRECTOTCORR; cell_id,"Archived baseline (PRECTOTCORR in mm/day; T2M, RH2M, T2MDEW match API exactly; reference for reproduction)"
data/raw/nasapower_maravalia/hourly/lat_-3.4_lon_-40.3.rds,lat_-3.4_lon_-40.3.rds,1730842,1b55bb57651f4bb4fb2b7e9d2f1077eab54387408ab6f06a73260273c8bb62bd,219144,2001-01-01 to 2025-12-31,2001-1-1-00:00,2025-12-31-23:00,LON; LAT; YEAR; MO; DY; HR; T2M; RH2M; T2MDEW; PRECTOTCORR; cell_id,"Archived baseline (PRECTOTCORR in mm/day; T2M, RH2M, T2MDEW match API exactly; reference for reproduction)"
data/raw/nasapower_maravalia/hourly/lat_-3.4_lon_-40.7.rds,lat_-3.4_lon_-40.7.rds,1711303,05fc3bbdd0ca90cc932d949a8d447a41fa3909b90b18fb247860d30e6b699559,219144,2001-01-01 to 2025-12-31,2001-1-1-00:00,2025-12-31-23:00,LON; LAT; YEAR; MO; DY; HR; T2M; RH2M; T2MDEW; PRECTOTCORR; cell_id,"Archived baseline (PRECTOTCORR in mm/day; T2M, RH2M, T2MDEW match API exactly; reference for reproduction)"
data/raw/nasapower_maravalia/hourly/lat_-3.4_lon_-41.0.rds,lat_-3.4_lon_-41.0.rds,1714075,74427e0027693e8615c38b9f4ee13fdc2229c5e3a2da7925209a9a72d2fcfa0f,219144,2001-01-01 to 2025-12-31,2001-1-1-00:00,2025-12-31-23:00,LON; LAT; YEAR; MO; DY; HR; T2M; RH2M; T2MDEW; PRECTOTCORR; cell_id,"Archived baseline (PRECTOTCORR in mm/day; T2M, RH2M, T2MDEW match API exactly; reference for reproduction)"
data/raw/nasapower_maravalia/hourly/lat_-3.5_lon_-39.5.rds,lat_-3.5_lon_-39.5.rds,1687411,833f7000a5c983e771e73c8d84e83675e2d2dc5f9ef3a8ada2798feca4ead847,219144,2001-01-01 to 2025-12-31,2001-1-1-00:00,2025-12-31-23:00,LON; LAT; YEAR; MO; DY; HR; T2M; RH2M; T2MDEW; PRECTOTCORR; cell_id,"Archived baseline (PRECTOTCORR in mm/day; T2M, RH2M, T2MDEW match API exactly; reference for reproduction)"
data/raw/nasapower_maravalia/hourly/lat_-3.6_lon_-39.0.rds,lat_-3.6_lon_-39.0.rds,1615571,d181c188395e82b1108db0e823399f13b8bae62b6a139a8d167534ea339e8445,219144,2001-01-01 to 2025-12-31,2001-1-1-00:00,2025-12-31-23:00,LON; LAT; YEAR; MO; DY; HR; T2M; RH2M; T2MDEW; PRECTOTCORR; cell_id,"Archived baseline (PRECTOTCORR in mm/day; T2M, RH2M, T2MDEW match API exactly; reference for reproduction)"
data/raw/nasapower_maravalia/hourly/lat_-3.6_lon_-39.4.rds,lat_-3.6_lon_-39.4.rds,1687425,fc6f8f17b4873cd4fe34698a2ccb38f632f36b44c27e69a6ae1219390654c10d,219144,2001-01-01 to 2025-12-31,2001-1-1-00:00,2025-12-31-23:00,LON; LAT; YEAR; MO; DY; HR; T2M; RH2M; T2MDEW; PRECTOTCORR; cell_id,"Archived baseline (PRECTOTCORR in mm/day; T2M, RH2M, T2MDEW match API exactly; reference for reproduction)"
data/raw/nasapower_maravalia/hourly/lat_-3.6_lon_-40.6.rds,lat_-3.6_lon_-40.6.rds,1711304,53be58b681192876c1f11735e5bc26806fad994cd984bf8f9562f0e8e03dd0d0,219144,2001-01-01 to 2025-12-31,2001-1-1-00:00,2025-12-31-23:00,LON; LAT; YEAR; MO; DY; HR; T2M; RH2M; T2MDEW; PRECTOTCORR; cell_id,"Archived baseline (PRECTOTCORR in mm/day; T2M, RH2M, T2MDEW match API exactly; reference for reproduction)"
data/raw/nasapower_maravalia/hourly/lat_-3.7_lon_-38.8.rds,lat_-3.7_lon_-38.8.rds,1615568,4bfc09991babd600c10db8284aea5938bc4d82394dc847147ecc0ab5d14f07eb,219144,2001-01-01 to 2025-12-31,2001-1-1-00:00,2025-12-31-23:00,LON; LAT; YEAR; MO; DY; HR; T2M; RH2M; T2MDEW; PRECTOTCORR; cell_id,"Archived baseline (PRECTOTCORR in mm/day; T2M, RH2M, T2MDEW match API exactly; reference for reproduction)"
data/raw/nasapower_maravalia/hourly/lat_-3.7_lon_-39.2.rds,lat_-3.7_lon_-39.2.rds,1687416,cefdf8a92d284db650b371ad5cbba06b55d3ea2371699e8e46ab3d733ff71282,219144,2001-01-01 to 2025-12-31,2001-1-1-00:00,2025-12-31-23:00,LON; LAT; YEAR; MO; DY; HR; T2M; RH2M; T2MDEW; PRECTOTCORR; cell_id,"Archived baseline (PRECTOTCORR in mm/day; T2M, RH2M, T2MDEW match API exactly; reference for reproduction)"
data/raw/nasapower_maravalia/hourly/lat_-3.7_lon_-39.3.rds,lat_-3.7_lon_-39.3.rds,1687421,af5c48a718dda0d3e36064f2720a76af373b140f5ec7b5701d4256e7268a7d27,219144,2001-01-01 to 2025-12-31,2001-1-1-00:00,2025-12-31-23:00,LON; LAT; YEAR; MO; DY; HR; T2M; RH2M; T2MDEW; PRECTOTCORR; cell_id,"Archived baseline (PRECTOTCORR in mm/day; T2M, RH2M, T2MDEW match API exactly; reference for reproduction)"
data/raw/nasapower_maravalia/hourly/lat_-3.8_lon_-39.3.rds,lat_-3.8_lon_-39.3.rds,1720518,bd31ed350b2797eec88542bbd2b55456d600b1ddc3d4686313e2872afa4ad119,219144,2001-01-01 to 2025-12-31,2001-1-1-00:00,2025-12-31-23:00,LON; LAT; YEAR; MO; DY; HR; T2M; RH2M; T2MDEW; PRECTOTCORR; cell_id,"Archived baseline (PRECTOTCORR in mm/day; T2M, RH2M, T2MDEW match API exactly; reference for reproduction)"
data/raw/nasapower_maravalia/hourly/lat_-3.8_lon_-39.5.rds,lat_-3.8_lon_-39.5.rds,1720517,004ae9f8d55a7949ec3c9fbb3292ff275bfdfb437be821b620c4e5b711319bf1,219144,2001-01-01 to 2025-12-31,2001-1-1-00:00,2025-12-31-23:00,LON; LAT; YEAR; MO; DY; HR; T2M; RH2M; T2MDEW; PRECTOTCORR; cell_id,"Archived baseline (PRECTOTCORR in mm/day; T2M, RH2M, T2MDEW match API exactly; reference for reproduction)"
data/raw/nasapower_maravalia/hourly/lat_-3.8_lon_-40.8.rds,lat_-3.8_lon_-40.8.rds,1721422,3eb058fbbcdcec1e58733e250d3be9bc45fb05703192159a37b1bd120ef4f2c4,219144,2001-01-01 to 2025-12-31,2001-1-1-00:00,2025-12-31-23:00,LON; LAT; YEAR; MO; DY; HR; T2M; RH2M; T2MDEW; PRECTOTCORR; cell_id,"Archived baseline (PRECTOTCORR in mm/day; T2M, RH2M, T2MDEW match API exactly; reference for reproduction)"
data/raw/nasapower_maravalia/hourly/lat_-3.9_lon_-38.5.rds,lat_-3.9_lon_-38.5.rds,1716501,ad88a6f69482fbff9176bb95cc92fe66e5cfe9a6f240b6f740367271ce167df7,219144,2001-01-01 to 2025-12-31,2001-1-1-00:00,2025-12-31-23:00,LON; LAT; YEAR; MO; DY; HR; T2M; RH2M; T2MDEW; PRECTOTCORR; cell_id,"Archived baseline (PRECTOTCORR in mm/day; T2M, RH2M, T2MDEW match API exactly; reference for reproduction)"
data/raw/nasapower_maravalia/hourly/lat_-3.9_lon_-40.4.rds,lat_-3.9_lon_-40.4.rds,1721424,f963dc55ebd29a33eb53afa91e3acbc34d2c048b83b64d4f8e957749af4544c7,219144,2001-01-01 to 2025-12-31,2001-1-1-00:00,2025-12-31-23:00,LON; LAT; YEAR; MO; DY; HR; T2M; RH2M; T2MDEW; PRECTOTCORR; cell_id,"Archived baseline (PRECTOTCORR in mm/day; T2M, RH2M, T2MDEW match API exactly; reference for reproduction)"
data/raw/nasapower_maravalia/hourly/lat_-3.9_lon_-40.5.rds,lat_-3.9_lon_-40.5.rds,1721423,866ba9f33349d006f3b9fef3289aadb73d6004a4c2f079999ac66b51942895a0,219144,2001-01-01 to 2025-12-31,2001-1-1-00:00,2025-12-31-23:00,LON; LAT; YEAR; MO; DY; HR; T2M; RH2M; T2MDEW; PRECTOTCORR; cell_id,"Archived baseline (PRECTOTCORR in mm/day; T2M, RH2M, T2MDEW match API exactly; reference for reproduction)"
data/raw/nasapower_maravalia/hourly/lat_-3.9_lon_-41.7.rds,lat_-3.9_lon_-41.7.rds,1730885,7a0c1443ec1f49a7706c356785ee9eb905a47fc474e6f0ac46baeae8291b6ed2,219144,2001-01-01 to 2025-12-31,2001-1-1-00:00,2025-12-31-23:00,LON; LAT; YEAR; MO; DY; HR; T2M; RH2M; T2MDEW; PRECTOTCORR; cell_id,"Archived baseline (PRECTOTCORR in mm/day; T2M, RH2M, T2MDEW match API exactly; reference for reproduction)"
data/raw/nasapower_maravalia/hourly/lat_-4.0_lon_-38.5.rds,lat_-4.0_lon_-38.5.rds,1716499,04bdde1f8badb9be52aa9964ad6ea64d91e1e65aee08ebb6665fc2204b0badeb,219144,2001-01-01 to 2025-12-31,2001-1-1-00:00,2025-12-31-23:00,LON; LAT; YEAR; MO; DY; HR; T2M; RH2M; T2MDEW; PRECTOTCORR; cell_id,"Archived baseline (PRECTOTCORR in mm/day; T2M, RH2M, T2MDEW match API exactly; reference for reproduction)"
data/raw/nasapower_maravalia/hourly/lat_-4.0_lon_-38.6.rds,lat_-4.0_lon_-38.6.rds,1716509,b6998918d0b754eaa7766cf029ac7d6b90cff0d4aac5728805a23f76f1937e17,219144,2001-01-01 to 2025-12-31,2001-1-1-00:00,2025-12-31-23:00,LON; LAT; YEAR; MO; DY; HR; T2M; RH2M; T2MDEW; PRECTOTCORR; cell_id,"Archived baseline (PRECTOTCORR in mm/day; T2M, RH2M, T2MDEW match API exactly; reference for reproduction)"
data/raw/nasapower_maravalia/hourly/lat_-4.0_lon_-38.9.rds,lat_-4.0_lon_-38.9.rds,1716505,441ab662697399d079b544a0c59fa891a84e2ede1c7556efeb11399cfe555521,219144,2001-01-01 to 2025-12-31,2001-1-1-00:00,2025-12-31-23:00,LON; LAT; YEAR; MO; DY; HR; T2M; RH2M; T2MDEW; PRECTOTCORR; cell_id,"Archived baseline (PRECTOTCORR in mm/day; T2M, RH2M, T2MDEW match API exactly; reference for reproduction)"
data/raw/nasapower_maravalia/hourly/lat_-4.0_lon_-40.1.rds,lat_-4.0_lon_-40.1.rds,1730391,7422a7c9f0049564762cf73acab84a65c32a0f2157f3d3dcde719eb20282b00a,219144,2001-01-01 to 2025-12-31,2001-1-1-00:00,2025-12-31-23:00,LON; LAT; YEAR; MO; DY; HR; T2M; RH2M; T2MDEW; PRECTOTCORR; cell_id,"Archived baseline (PRECTOTCORR in mm/day; T2M, RH2M, T2MDEW match API exactly; reference for reproduction)"
data/raw/nasapower_maravalia/hourly/lat_-4.2_lon_-38.2.rds,lat_-4.2_lon_-38.2.rds,1622829,d28c79ee9a7b4ef707f5a7ff7356adbe20baf769364e5ef30a66bbb44f8d2f93,219144,2001-01-01 to 2025-12-31,2001-1-1-00:00,2025-12-31-23:00,LON; LAT; YEAR; MO; DY; HR; T2M; RH2M; T2MDEW; PRECTOTCORR; cell_id,"Archived baseline (PRECTOTCORR in mm/day; T2M, RH2M, T2MDEW match API exactly; reference for reproduction)"
data/raw/nasapower_maravalia/hourly/lat_-4.2_lon_-38.5.rds,lat_-4.2_lon_-38.5.rds,1716509,5f4f4af08cd07771f7addfa6eb6addb7dd84cbf29b77b4c5e802a41d66cad6e4,219144,2001-01-01 to 2025-12-31,2001-1-1-00:00,2025-12-31-23:00,LON; LAT; YEAR; MO; DY; HR; T2M; RH2M; T2MDEW; PRECTOTCORR; cell_id,"Archived baseline (PRECTOTCORR in mm/day; T2M, RH2M, T2MDEW match API exactly; reference for reproduction)"
data/raw/nasapower_maravalia/hourly/lat_-4.2_lon_-40.4.rds,lat_-4.2_lon_-40.4.rds,1721428,7ebc95c2bd62cbb2a2432c9d0f55cec1eceadbe415cf4d063a360e4ccebc9705,219144,2001-01-01 to 2025-12-31,2001-1-1-00:00,2025-12-31-23:00,LON; LAT; YEAR; MO; DY; HR; T2M; RH2M; T2MDEW; PRECTOTCORR; cell_id,"Archived baseline (PRECTOTCORR in mm/day; T2M, RH2M, T2MDEW match API exactly; reference for reproduction)"
data/raw/nasapower_maravalia/hourly/lat_-4.3_lon_-38.5.rds,lat_-4.3_lon_-38.5.rds,1737889,a147b2ca09562dc82c68d087f5424f1693f1b899af24f7cb9dfc7996b5c848c1,219144,2001-01-01 to 2025-12-31,2001-1-1-00:00,2025-12-31-23:00,LON; LAT; YEAR; MO; DY; HR; T2M; RH2M; T2MDEW; PRECTOTCORR; cell_id,"Archived baseline (PRECTOTCORR in mm/day; T2M, RH2M, T2MDEW match API exactly; reference for reproduction)"
data/raw/nasapower_maravalia/hourly/lat_-4.3_lon_-39.0.rds,lat_-4.3_lon_-39.0.rds,1737892,dc597d826a3e5e0b57d6e5772ae3b99a2facd3737ac856b7880e1d8283a0305f,219144,2001-01-01 to 2025-12-31,2001-1-1-00:00,2025-12-31-23:00,LON; LAT; YEAR; MO; DY; HR; T2M; RH2M; T2MDEW; PRECTOTCORR; cell_id,"Archived baseline (PRECTOTCORR in mm/day; T2M, RH2M, T2MDEW match API exactly; reference for reproduction)"
data/raw/nasapower_maravalia/hourly/lat_-4.3_lon_-39.3.rds,lat_-4.3_lon_-39.3.rds,1719463,f5be687c785dece99ee6b86f3460ff1c295c097d7d6499efee64e1a1b2e9f240,219144,2001-01-01 to 2025-12-31,2001-1-1-00:00,2025-12-31-23:00,LON; LAT; YEAR; MO; DY; HR; T2M; RH2M; T2MDEW; PRECTOTCORR; cell_id,"Archived baseline (PRECTOTCORR in mm/day; T2M, RH2M, T2MDEW match API exactly; reference for reproduction)"
data/raw/nasapower_maravalia/hourly/lat_-4.3_lon_-41.8.rds,lat_-4.3_lon_-41.8.rds,1738965,bffa4085f77c0744164a781b2b1292b4eaf815892a89948d0183d9e4fdaccf3f,219144,2001-01-01 to 2025-12-31,2001-1-1-00:00,2025-12-31-23:00,LON; LAT; YEAR; MO; DY; HR; T2M; RH2M; T2MDEW; PRECTOTCORR; cell_id,"Archived baseline (PRECTOTCORR in mm/day; T2M, RH2M, T2MDEW match API exactly; reference for reproduction)"
data/raw/nasapower_maravalia/hourly/lat_-4.5_lon_-38.3.rds,lat_-4.5_lon_-38.3.rds,1713596,657570b0403cfa14f285651a744d6dbdec749f638c2826a9d993ddebe2cf2e0f,219144,2001-01-01 to 2025-12-31,2001-1-1-00:00,2025-12-31-23:00,LON; LAT; YEAR; MO; DY; HR; T2M; RH2M; T2MDEW; PRECTOTCORR; cell_id,"Archived baseline (PRECTOTCORR in mm/day; T2M, RH2M, T2MDEW match API exactly; reference for reproduction)"
data/raw/nasapower_maravalia/hourly/lat_-4.6_lon_-37.8.rds,lat_-4.6_lon_-37.8.rds,1589133,c1ab53966ee0582340780be1caa6723eea155159001cb737824c33fa8f3ba1dc,219144,2001-01-01 to 2025-12-31,2001-1-1-00:00,2025-12-31-23:00,LON; LAT; YEAR; MO; DY; HR; T2M; RH2M; T2MDEW; PRECTOTCORR; cell_id,"Archived baseline (PRECTOTCORR in mm/day; T2M, RH2M, T2MDEW match API exactly; reference for reproduction)"
data/raw/nasapower_maravalia/hourly/lat_-4.6_lon_-38.9.rds,lat_-4.6_lon_-38.9.rds,1737894,4c65947a06d5912dcba0cc7255339a67cf9900999c20506d4e497d10608a2b42,219144,2001-01-01 to 2025-12-31,2001-1-1-00:00,2025-12-31-23:00,LON; LAT; YEAR; MO; DY; HR; T2M; RH2M; T2MDEW; PRECTOTCORR; cell_id,"Archived baseline (PRECTOTCORR in mm/day; T2M, RH2M, T2MDEW match API exactly; reference for reproduction)"
data/raw/nasapower_maravalia/hourly/lat_-4.7_lon_-37.8.rds,lat_-4.7_lon_-37.8.rds,1589136,b0715a41cc6d361bd3aa70342b23fc49d394772c7244234c781173bce788956e,219144,2001-01-01 to 2025-12-31,2001-1-1-00:00,2025-12-31-23:00,LON; LAT; YEAR; MO; DY; HR; T2M; RH2M; T2MDEW; PRECTOTCORR; cell_id,"Archived baseline (PRECTOTCORR in mm/day; T2M, RH2M, T2MDEW match API exactly; reference for reproduction)"
data/raw/nasapower_maravalia/hourly/lat_-4.7_lon_-39.5.rds,lat_-4.7_lon_-39.5.rds,1719463,b61abef951ac75518bf98fb67fec8f809464c08534b20af345c79ab240ab8f3d,219144,2001-01-01 to 2025-12-31,2001-1-1-00:00,2025-12-31-23:00,LON; LAT; YEAR; MO; DY; HR; T2M; RH2M; T2MDEW; PRECTOTCORR; cell_id,"Archived baseline (PRECTOTCORR in mm/day; T2M, RH2M, T2MDEW match API exactly; reference for reproduction)"
data/raw/nasapower_maravalia/hourly/lat_-4.8_lon_-38.0.rds,lat_-4.8_lon_-38.0.rds,1738134,e7b4bfb0a448b5e1ae1286c9a389abfcf5742effccac0ba0602e0313a294e9a3,219144,2001-01-01 to 2025-12-31,2001-1-1-00:00,2025-12-31-23:00,LON; LAT; YEAR; MO; DY; HR; T2M; RH2M; T2MDEW; PRECTOTCORR; cell_id,"Archived baseline (PRECTOTCORR in mm/day; T2M, RH2M, T2MDEW match API exactly; reference for reproduction)"
data/raw/nasapower_maravalia/hourly/lat_-4.8_lon_-38.7.rds,lat_-4.8_lon_-38.7.rds,1740907,6c2be7de4b486340c31957870373793b3a1518b98a44df051d61c62d98ddb74d,219144,2001-01-01 to 2025-12-31,2001-1-1-00:00,2025-12-31-23:00,LON; LAT; YEAR; MO; DY; HR; T2M; RH2M; T2MDEW; PRECTOTCORR; cell_id,"Archived baseline (PRECTOTCORR in mm/day; T2M, RH2M, T2MDEW match API exactly; reference for reproduction)"
data/raw/nasapower_maravalia/hourly/lat_-4.8_lon_-40.1.rds,lat_-4.8_lon_-40.1.rds,1718259,7930be485c5da013b053c669a52607b8ac9089762263e9a8d60247a56c05a79e,219144,2001-01-01 to 2025-12-31,2001-1-1-00:00,2025-12-31-23:00,LON; LAT; YEAR; MO; DY; HR; T2M; RH2M; T2MDEW; PRECTOTCORR; cell_id,"Archived baseline (PRECTOTCORR in mm/day; T2M, RH2M, T2MDEW match API exactly; reference for reproduction)"
data/raw/nasapower_maravalia/hourly/lat_-4.8_lon_-42.1.rds,lat_-4.8_lon_-42.1.rds,1738943,95b9273966ba5c2ba38457ec8231001050db58a66b099e1b55e26193613a31f1,219144,2001-01-01 to 2025-12-31,2001-1-1-00:00,2025-12-31-23:00,LON; LAT; YEAR; MO; DY; HR; T2M; RH2M; T2MDEW; PRECTOTCORR; cell_id,"Archived baseline (PRECTOTCORR in mm/day; T2M, RH2M, T2MDEW match API exactly; reference for reproduction)"
data/raw/nasapower_maravalia/hourly/lat_-5.0_lon_-38.0.rds,lat_-5.0_lon_-38.0.rds,1738132,2a82d330b57ca76dcfd645b7fc764afc457a12448682af4c1b841ed1c19f452e,219144,2001-01-01 to 2025-12-31,2001-1-1-00:00,2025-12-31-23:00,LON; LAT; YEAR; MO; DY; HR; T2M; RH2M; T2MDEW; PRECTOTCORR; cell_id,"Archived baseline (PRECTOTCORR in mm/day; T2M, RH2M, T2MDEW match API exactly; reference for reproduction)"
data/raw/nasapower_maravalia/hourly/lat_-5.0_lon_-38.6.rds,lat_-5.0_lon_-38.6.rds,1740903,be1850bbffb2212637fe84e4f1037ffaff02fcfa91cba8920ae19f99b4c27b95,219144,2001-01-01 to 2025-12-31,2001-1-1-00:00,2025-12-31-23:00,LON; LAT; YEAR; MO; DY; HR; T2M; RH2M; T2MDEW; PRECTOTCORR; cell_id,"Archived baseline (PRECTOTCORR in mm/day; T2M, RH2M, T2MDEW match API exactly; reference for reproduction)"
data/raw/nasapower_maravalia/hourly/lat_-5.0_lon_-39.0.rds,lat_-5.0_lon_-39.0.rds,1740896,058f87c42739b7bb84a87529f2a688f506121405398a66696f385e383b13f462,219144,2001-01-01 to 2025-12-31,2001-1-1-00:00,2025-12-31-23:00,LON; LAT; YEAR; MO; DY; HR; T2M; RH2M; T2MDEW; PRECTOTCORR; cell_id,"Archived baseline (PRECTOTCORR in mm/day; T2M, RH2M, T2MDEW match API exactly; reference for reproduction)"
data/raw/nasapower_maravalia/hourly/lat_-5.1_lon_-38.0.rds,lat_-5.1_lon_-38.0.rds,1738133,5e533e43678d70e0b5a8f4e0b3f36f3d13852a51049b27c58b3c00e1b87387fb,219144,2001-01-01 to 2025-12-31,2001-1-1-00:00,2025-12-31-23:00,LON; LAT; YEAR; MO; DY; HR; T2M; RH2M; T2MDEW; PRECTOTCORR; cell_id,"Archived baseline (PRECTOTCORR in mm/day; T2M, RH2M, T2MDEW match API exactly; reference for reproduction)"
data/raw/nasapower_maravalia/hourly/lat_-5.1_lon_-38.1.rds,lat_-5.1_lon_-38.1.rds,1738140,5df97b9e70ccd347af20a5d11b8bd525ea69e4dbb4dcc5ff93441f322d3b6968,219144,2001-01-01 to 2025-12-31,2001-1-1-00:00,2025-12-31-23:00,LON; LAT; YEAR; MO; DY; HR; T2M; RH2M; T2MDEW; PRECTOTCORR; cell_id,"Archived baseline (PRECTOTCORR in mm/day; T2M, RH2M, T2MDEW match API exactly; reference for reproduction)"
data/raw/nasapower_maravalia/hourly/lat_-5.1_lon_-38.3.rds,lat_-5.1_lon_-38.3.rds,1738136,5395f7802f03e98d0f832d1a2d81a9433dbfa222e1025fbd3ce7cae7e71dc4ec,219144,2001-01-01 to 2025-12-31,2001-1-1-00:00,2025-12-31-23:00,LON; LAT; YEAR; MO; DY; HR; T2M; RH2M; T2MDEW; PRECTOTCORR; cell_id,"Archived baseline (PRECTOTCORR in mm/day; T2M, RH2M, T2MDEW match API exactly; reference for reproduction)"
data/raw/nasapower_maravalia/hourly/lat_-5.2_lon_-38.1.rds,lat_-5.2_lon_-38.1.rds,1738139,e1bbb0b850f162d359186bc631a06724d563985669a47ecf45d97bbd384665a8,219144,2001-01-01 to 2025-12-31,2001-1-1-00:00,2025-12-31-23:00,LON; LAT; YEAR; MO; DY; HR; T2M; RH2M; T2MDEW; PRECTOTCORR; cell_id,"Archived baseline (PRECTOTCORR in mm/day; T2M, RH2M, T2MDEW match API exactly; reference for reproduction)"
data/raw/nasapower_maravalia/hourly/lat_-5.4_lon_-38.3.rds,lat_-5.4_lon_-38.3.rds,1728431,c67eb78c62597eb0c44e7699eade426a17731f54909229ffcc6a03d4fac66e2b,219144,2001-01-01 to 2025-12-31,2001-1-1-00:00,2025-12-31-23:00,LON; LAT; YEAR; MO; DY; HR; T2M; RH2M; T2MDEW; PRECTOTCORR; cell_id,"Archived baseline (PRECTOTCORR in mm/day; T2M, RH2M, T2MDEW match API exactly; reference for reproduction)"
data/raw/nasapower_maravalia/hourly/lat_-5.5_lon_-37.6.rds,lat_-5.5_lon_-37.6.rds,1703979,0598c9a8c2c23e92d88e535a19c326caea9a11a02f49ed67817d70a805513c19,219144,2001-01-01 to 2025-12-31,2001-1-1-00:00,2025-12-31-23:00,LON; LAT; YEAR; MO; DY; HR; T2M; RH2M; T2MDEW; PRECTOTCORR; cell_id,"Archived baseline (PRECTOTCORR in mm/day; T2M, RH2M, T2MDEW match API exactly; reference for reproduction)"
data/raw/nasapower_maravalia/hourly/lat_-5.5_lon_-39.5.rds,lat_-5.5_lon_-39.5.rds,1721061,842df2f611018a7bdadbf839b82a2552ef34eb0f5cd1a91df0a3c72cc856eb0d,219144,2001-01-01 to 2025-12-31,2001-1-1-00:00,2025-12-31-23:00,LON; LAT; YEAR; MO; DY; HR; T2M; RH2M; T2MDEW; PRECTOTCORR; cell_id,"Archived baseline (PRECTOTCORR in mm/day; T2M, RH2M, T2MDEW match API exactly; reference for reproduction)"
data/raw/nasapower_maravalia/hourly/lat_-5.6_lon_-37.8.rds,lat_-5.6_lon_-37.8.rds,1703984,6c2b0feefeb926ef40cffd698e18cd6544565c2fbe900ad8b2648ae286c54698,219144,2001-01-01 to 2025-12-31,2001-1-1-00:00,2025-12-31-23:00,LON; LAT; YEAR; MO; DY; HR; T2M; RH2M; T2MDEW; PRECTOTCORR; cell_id,"Archived baseline (PRECTOTCORR in mm/day; T2M, RH2M, T2MDEW match API exactly; reference for reproduction)"
data/raw/nasapower_maravalia/hourly/lat_-6.3_lon_-38.7.rds,lat_-6.3_lon_-38.7.rds,1747577,b31b5cc5878d34cd8b1b3cf407e7246ef4a0f927a68d74a102d9a93b9b1bd92a,219144,2001-01-01 to 2025-12-31,2001-1-1-00:00,2025-12-31-23:00,LON; LAT; YEAR; MO; DY; HR; T2M; RH2M; T2MDEW; PRECTOTCORR; cell_id,"Archived baseline (PRECTOTCORR in mm/day; T2M, RH2M, T2MDEW match API exactly; reference for reproduction)"
data/raw/nasapower_maravalia/hourly/lat_-6.7_lon_-38.3.rds,lat_-6.7_lon_-38.3.rds,1741394,777e5aa80c7b58605e3ed0a5ddbd5aaa7d82c110f3c4cf3af144c893298d547e,219144,2001-01-01 to 2025-12-31,2001-1-1-00:00,2025-12-31-23:00,LON; LAT; YEAR; MO; DY; HR; T2M; RH2M; T2MDEW; PRECTOTCORR; cell_id,"Archived baseline (PRECTOTCORR in mm/day; T2M, RH2M, T2MDEW match API exactly; reference for reproduction)"
data/raw/nasapower_maravalia/hourly/lat_-6.8_lon_-38.5.rds,lat_-6.8_lon_-38.5.rds,1752056,dec1f239ec2942a67ca0b45c8bde625da6897de5d96de78736c822076697fb5e,219144,2001-01-01 to 2025-12-31,2001-1-1-00:00,2025-12-31-23:00,LON; LAT; YEAR; MO; DY; HR; T2M; RH2M; T2MDEW; PRECTOTCORR; cell_id,"Archived baseline (PRECTOTCORR in mm/day; T2M, RH2M, T2MDEW match API exactly; reference for reproduction)"
data/raw/nasapower_australia/hourly/aus_site_01_lat_-17.1517_lon_144.5244.rds,aus_site_01_lat_-17.1517_lon_144.5244.rds,1787683,1f887976002c8e81d45ec62aed31b1bfc49e49e8c3d95b71f96c932053c5b05a,219144,2001-01-01 to 2025-12-31,2001-1-1-00:00,2025-12-31-23:00,LON; LAT; YEAR; MO; DY; HR; T2M; RH2M; T2MDEW; PRECTOTCORR; site_id; site_name; region; environment_type; original_lat; original_lon,"Archived baseline (PRECTOTCORR in mm/day; T2M, RH2M, T2MDEW match API exactly; reference for reproduction)"
data/raw/nasapower_australia/hourly/aus_site_02_lat_-14.9356_lon_144.2047.rds,aus_site_02_lat_-14.9356_lon_144.2047.rds,1789370,7219996b6aeef22d1b429f40c66d9c2f5fde1fb92c784c4cb3fa9f4d860fc3b0,219144,2001-01-01 to 2025-12-31,2001-1-1-00:00,2025-12-31-23:00,LON; LAT; YEAR; MO; DY; HR; T2M; RH2M; T2MDEW; PRECTOTCORR; site_id; site_name; region; environment_type; original_lat; original_lon,"Archived baseline (PRECTOTCORR in mm/day; T2M, RH2M, T2MDEW match API exactly; reference for reproduction)"
data/raw/nasapower_australia/hourly/aus_site_03_lat_-16.6342_lon_144.0042.rds,aus_site_03_lat_-16.6342_lon_144.0042.rds,1790284,79b06fd1dffe8e91b825310105cfe9d3ac2965c21f8b5d025cedfc354924dac6,219144,2001-01-01 to 2025-12-31,2001-1-1-00:00,2025-12-31-23:00,LON; LAT; YEAR; MO; DY; HR; T2M; RH2M; T2MDEW; PRECTOTCORR; site_id; site_name; region; environment_type; original_lat; original_lon,"Archived baseline (PRECTOTCORR in mm/day; T2M, RH2M, T2MDEW match API exactly; reference for reproduction)"
data/raw/nasapower_australia/hourly/aus_site_04_lat_-15.5458_lon_141.7258.rds,aus_site_04_lat_-15.5458_lon_141.7258.rds,1759452,7b4cd2f3d2414c7f5bf8a99a65615161c5d06008a67ef5995279c96105d8a011,219144,2001-01-01 to 2025-12-31,2001-1-1-00:00,2025-12-31-23:00,LON; LAT; YEAR; MO; DY; HR; T2M; RH2M; T2MDEW; PRECTOTCORR; site_id; site_name; region; environment_type; original_lat; original_lon,"Archived baseline (PRECTOTCORR in mm/day; T2M, RH2M, T2MDEW match API exactly; reference for reproduction)"
data/raw/nasapower_australia/hourly/aus_site_05_lat_-19.7431_lon_147.4647.rds,aus_site_05_lat_-19.7431_lon_147.4647.rds,1730694,10bd7019348246ebb6c63c7268cb64cecf2ac9887ec7715b487d867c9e30ffa9,219144,2001-01-01 to 2025-12-31,2001-1-1-00:00,2025-12-31-23:00,LON; LAT; YEAR; MO; DY; HR; T2M; RH2M; T2MDEW; PRECTOTCORR; site_id; site_name; region; environment_type; original_lat; original_lon,"Archived baseline (PRECTOTCORR in mm/day; T2M, RH2M, T2MDEW match API exactly; reference for reproduction)"
data/raw/nasapower_australia/hourly/aus_site_06_lat_-17.1008_lon_140.9167.rds,aus_site_06_lat_-17.1008_lon_140.9167.rds,1656590,aa228322b88fc07d48c05295cbdcfcb41f5dd87872634b0b07476f078e6acf84,219144,2001-01-01 to 2025-12-31,2001-1-1-00:00,2025-12-31-23:00,LON; LAT; YEAR; MO; DY; HR; T2M; RH2M; T2MDEW; PRECTOTCORR; site_id; site_name; region; environment_type; original_lat; original_lon,"Archived baseline (PRECTOTCORR in mm/day; T2M, RH2M, T2MDEW match API exactly; reference for reproduction)"
data/raw/nasapower_australia/hourly/aus_site_07_lat_-18.2917_lon_143.5475.rds,aus_site_07_lat_-18.2917_lon_143.5475.rds,1801311,35cb95554c75f90cd92dd77624ddaa422b4fb7d4ebf3c2f25d53c4cfc7dbcb74,219144,2001-01-01 to 2025-12-31,2001-1-1-00:00,2025-12-31-23:00,LON; LAT; YEAR; MO; DY; HR; T2M; RH2M; T2MDEW; PRECTOTCORR; site_id; site_name; region; environment_type; original_lat; original_lon,"Archived baseline (PRECTOTCORR in mm/day; T2M, RH2M, T2MDEW match API exactly; reference for reproduction)"
data/raw/nasapower_australia/hourly/aus_site_08_lat_-16.4833_lon_145.2333.rds,aus_site_08_lat_-16.4833_lon_145.2333.rds,1789177,0b509d69aea79a1e3c4cdd7cd8b85cb6ce27943362277801327e1eef9a9ef7bb,219144,2001-01-01 to 2025-12-31,2001-1-1-00:00,2025-12-31-23:00,LON; LAT; YEAR; MO; DY; HR; T2M; RH2M; T2MDEW; PRECTOTCORR; site_id; site_name; region; environment_type; original_lat; original_lon,"Archived baseline (PRECTOTCORR in mm/day; T2M, RH2M, T2MDEW match API exactly; reference for reproduction)"
data/raw/nasapower_australia/hourly/aus_site_09_lat_-17.8500_lon_142.3667.rds,aus_site_09_lat_-17.8500_lon_142.3667.rds,1771870,260c9a657baac5c6ab3abf44c8809ca96f8d10a66521f6444079bccfe167b073,219144,2001-01-01 to 2025-12-31,2001-1-1-00:00,2025-12-31-23:00,LON; LAT; YEAR; MO; DY; HR; T2M; RH2M; T2MDEW; PRECTOTCORR; site_id; site_name; region; environment_type; original_lat; original_lon,"Archived baseline (PRECTOTCORR in mm/day; T2M, RH2M, T2MDEW match API exactly; reference for reproduction)"
data/raw/nasapower_australia/hourly/aus_site_10_lat_-23.3750_lon_150.5117.rds,aus_site_10_lat_-23.3750_lon_150.5117.rds,1799506,7e9252084f255f6c04efaa524b405ca4332161991e63bf1c3c35f053de1535f6,219144,2001-01-01 to 2025-12-31,2001-1-1-00:00,2025-12-31-23:00,LON; LAT; YEAR; MO; DY; HR; T2M; RH2M; T2MDEW; PRECTOTCORR; site_id; site_name; region; environment_type; original_lat; original_lon,"Archived baseline (PRECTOTCORR in mm/day; T2M, RH2M, T2MDEW match API exactly; reference for reproduction)"
data/raw/nasapower_australia/hourly/aus_site_11_lat_-20.0764_lon_146.2611.rds,aus_site_11_lat_-20.0764_lon_146.2611.rds,1787160,216ca0f4cc97dfd5f69c818e5c7e4b2e90db42f26983d6038421b0ae2fe2f50b,219144,2001-01-01 to 2025-12-31,2001-1-1-00:00,2025-12-31-23:00,LON; LAT; YEAR; MO; DY; HR; T2M; RH2M; T2MDEW; PRECTOTCORR; site_id; site_name; region; environment_type; original_lat; original_lon,"Archived baseline (PRECTOTCORR in mm/day; T2M, RH2M, T2MDEW match API exactly; reference for reproduction)"
data/raw/nasapower_australia/hourly/aus_site_12_lat_-20.8433_lon_144.2008.rds,aus_site_12_lat_-20.8433_lon_144.2008.rds,1750467,18fa265c3fdb739725a2ab5d4c0a86ca0e4bfce7cb646c14871c7e5346ab6788,219144,2001-01-01 to 2025-12-31,2001-1-1-00:00,2025-12-31-23:00,LON; LAT; YEAR; MO; DY; HR; T2M; RH2M; T2MDEW; PRECTOTCORR; site_id; site_name; region; environment_type; original_lat; original_lon,"Archived baseline (PRECTOTCORR in mm/day; T2M, RH2M, T2MDEW match API exactly; reference for reproduction)"
data/raw/nasapower_australia/hourly/aus_site_13_lat_-15.5583_lon_144.4447.rds,aus_site_13_lat_-15.5583_lon_144.4447.rds,1777824,8b1ab96683affe6ee108aa6beacc40503b47399ec5704cc7be746ebb3a7f7e26,219144,2001-01-01 to 2025-12-31,2001-1-1-00:00,2025-12-31-23:00,LON; LAT; YEAR; MO; DY; HR; T2M; RH2M; T2MDEW; PRECTOTCORR; site_id; site_name; region; environment_type; original_lat; original_lon,"Archived baseline (PRECTOTCORR in mm/day; T2M, RH2M, T2MDEW match API exactly; reference for reproduction)"
